2026.03.02 23:14:49 INFO  Started: Metals version 1.6.5 in folders 'D:\CODING\JAVA\consumer-service' for client Visual Studio Code 1.109.5.
2026.03.02 23:14:52 INFO  Memory monitor started
2026.03.02 23:14:56 WARN  Using H2 2.4.240 which is newer than the version Flyway has been verified with. The latest verified version of H2 is 2.3.232.
2026.03.02 23:14:57 INFO  no build target found for D:\CODING\JAVA\consumer-service\src\main\java\com\example\consumer_service\ConsumerServiceApplication.java. Using fallback presentation compiler.
2026.03.02 23:15:17 INFO  no build target found for D:\CODING\JAVA\consumer-service\src\main\java\com\example\consumer_service\ConsumerServiceApplication.java. Using fallback presentation compiler.
2026.03.02 23:15:51 INFO  no build target found for D:\CODING\JAVA\consumer-service\src\main\java\com\example\consumer_service\ConsumerServiceApplication.java. Using fallback presentation compiler.
2026.03.02 23:16:32 INFO  no build target found for D:\CODING\JAVA\consumer-service\src\main\java\com\example\consumer_service\config\KafkaConsumerService.java. Using fallback presentation compiler.
2026.03.02 23:16:32 INFO  no build target found for D:\CODING\JAVA\consumer-service\src\main\java\com\example\consumer_service\config\KafkaConsumerService.java. Using fallback presentation compiler.
2026.03.02 23:16:32 INFO  no build target found for D:\CODING\JAVA\consumer-service\src\main\java\com\example\consumer_service\config\KafkaConsumerService.java. Using fallback presentation compiler.
2026.03.02 23:16:32 INFO  no build target found for D:\CODING\JAVA\consumer-service\src\main\java\com\example\consumer_service\config\KafkaConsumerService.java. Using fallback presentation compiler.
2026.03.02 23:16:33 WARN  no build target for: D:\CODING\JAVA\consumer-service\src\main\java\com\example\consumer_service\config\KafkaConsumerService.java
2026.03.02 23:16:33 INFO  no build target found for D:\CODING\JAVA\consumer-service\src\main\java\com\example\consumer_service\config\KafkaConsumerService.java. Using fallback presentation compiler.
2026.03.02 23:16:38 INFO  no build target found for D:\CODING\JAVA\consumer-service\src\main\java\com\example\consumer_service\config\KafkaConsumerService.java. Using fallback presentation compiler.
2026.03.02 23:16:38 INFO  no build target found for D:\CODING\JAVA\consumer-service\src\main\java\com\example\consumer_service\config\KafkaConsumerService.java. Using fallback presentation compiler.
2026.03.02 23:16:40 INFO  no build target found for D:\CODING\JAVA\consumer-service\src\main\java\com\example\consumer_service\config\KafkaConsumerService.java. Using fallback presentation compiler.
2026.03.02 23:16:40 INFO  no build target found for D:\CODING\JAVA\consumer-service\src\main\java\com\example\consumer_service\config\KafkaConsumerService.java. Using fallback presentation compiler.
2026.03.02 23:16:41 INFO  no build target found for D:\CODING\JAVA\consumer-service\src\main\java\com\example\consumer_service\config\KafkaConsumerService.java. Using fallback presentation compiler.
2026.03.02 23:16:40 INFO  no build target found for D:\CODING\JAVA\consumer-service\src\main\java\com\example\consumer_service\config\KafkaConsumerService.java. Using fallback presentation compiler.
2026.03.02 23:16:40 INFO  no build target found for D:\CODING\JAVA\consumer-service\src\main\java\com\example\consumer_service\config\KafkaConsumerService.java. Using fallback presentation compiler.
2026.03.02 23:16:41 INFO  no build target found for D:\CODING\JAVA\consumer-service\src\main\java\com\example\consumer_service\config\KafkaConsumerService.java. Using fallback presentation compiler.
2026.03.02 23:16:42 INFO  no build target found for D:\CODING\JAVA\consumer-service\src\main\java\com\example\consumer_service\config\KafkaConsumerService.java. Using fallback presentation compiler.
2026.03.02 23:16:42 INFO  no build target found for D:\CODING\JAVA\consumer-service\src\main\java\com\example\consumer_service\config\KafkaConsumerService.java. Using fallback presentation compiler.
2026.03.02 23:16:42 INFO  no build target found for D:\CODING\JAVA\consumer-service\src\main\java\com\example\consumer_service\config\KafkaConsumerService.java. Using fallback presentation compiler.
2026.03.02 23:16:42 INFO  no build target found for D:\CODING\JAVA\consumer-service\src\main\java\com\example\consumer_service\config\KafkaConsumerService.java. Using fallback presentation compiler.
2026.03.02 23:16:42 INFO  no build target found for D:\CODING\JAVA\consumer-service\src\main\java\com\example\consumer_service\config\KafkaConsumerService.java. Using fallback presentation compiler.
2026.03.02 23:16:42 INFO  no build target found for D:\CODING\JAVA\consumer-service\src\main\java\com\example\consumer_service\config\KafkaConsumerService.java. Using fallback presentation compiler.
2026.03.02 23:16:42 INFO  no build target found for D:\CODING\JAVA\consumer-service\src\main\java\com\example\consumer_service\config\KafkaConsumerService.java. Using fallback presentation compiler.
2026.03.02 23:16:43 INFO  no build target found for D:\CODING\JAVA\consumer-service\src\main\java\com\example\consumer_service\config\KafkaConsumerService.java. Using fallback presentation compiler.
2026.03.02 23:16:43 INFO  no build target found for D:\CODING\JAVA\consumer-service\src\main\java\com\example\consumer_service\config\KafkaConsumerService.java. Using fallback presentation compiler.
2026.03.02 23:16:43 INFO  no build target found for D:\CODING\JAVA\consumer-service\src\main\java\com\example\consumer_service\config\KafkaConsumerService.java. Using fallback presentation compiler.
2026.03.02 23:16:43 INFO  no build target found for D:\CODING\JAVA\consumer-service\src\main\java\com\example\consumer_service\config\KafkaConsumerService.java. Using fallback presentation compiler.
2026.03.02 23:16:43 INFO  no build target found for D:\CODING\JAVA\consumer-service\src\main\java\com\example\consumer_service\config\KafkaConsumerService.java. Using fallback presentation compiler.
2026.03.02 23:16:43 INFO  no build target found for D:\CODING\JAVA\consumer-service\src\main\java\com\example\consumer_service\config\KafkaConsumerService.java. Using fallback presentation compiler.
2026.03.02 23:16:43 INFO  no build target found for D:\CODING\JAVA\consumer-service\src\main\java\com\example\consumer_service\config\KafkaConsumerService.java. Using fallback presentation compiler.
2026.03.02 23:16:43 INFO  no build target found for D:\CODING\JAVA\consumer-service\src\main\java\com\example\consumer_service\config\KafkaConsumerService.java. Using fallback presentation compiler.
2026.03.02 23:16:43 INFO  no build target found for D:\CODING\JAVA\consumer-service\src\main\java\com\example\consumer_service\config\KafkaConsumerService.java. Using fallback presentation compiler.
2026.03.02 23:16:44 INFO  no build target found for D:\CODING\JAVA\consumer-service\src\main\java\com\example\consumer_service\config\KafkaConsumerService.java. Using fallback presentation compiler.
2026.03.02 23:16:44 INFO  no build target found for D:\CODING\JAVA\consumer-service\src\main\java\com\example\consumer_service\config\KafkaConsumerService.java. Using fallback presentation compiler.
2026.03.02 23:16:45 WARN  no build target for: D:\CODING\JAVA\consumer-service\src\main\java\com\example\consumer_service\config\KafkaConsumerService.java
2026.03.02 23:16:45 INFO  no build target found for D:\CODING\JAVA\consumer-service\src\main\java\com\example\consumer_service\config\KafkaConsumerService.java. Using fallback presentation compiler.
2026.03.02 23:16:46 INFO  no build target found for D:\CODING\JAVA\consumer-service\src\main\java\com\example\consumer_service\config\KafkaConsumerService.java. Using fallback presentation compiler.
2026.03.02 23:16:46 INFO  no build target found for D:\CODING\JAVA\consumer-service\src\main\java\com\example\consumer_service\config\KafkaConsumerService.java. Using fallback presentation compiler.
2026.03.02 23:16:47 INFO  no build target found for D:\CODING\JAVA\consumer-service\src\main\java\com\example\consumer_service\config\KafkaConsumerService.java. Using fallback presentation compiler.
2026.03.02 23:16:46 INFO  no build target found for D:\CODING\JAVA\consumer-service\src\main\java\com\example\consumer_service\config\KafkaConsumerService.java. Using fallback presentation compiler.
2026.03.02 23:16:46 INFO  no build target found for D:\CODING\JAVA\consumer-service\src\main\java\com\example\consumer_service\config\KafkaConsumerService.java. Using fallback presentation compiler.
2026.03.02 23:16:48 INFO  no build target found for D:\CODING\JAVA\consumer-service\src\main\java\com\example\consumer_service\config\KafkaConsumerService.java. Using fallback presentation compiler.
2026.03.02 23:16:48 INFO  no build target found for D:\CODING\JAVA\consumer-service\src\main\java\com\example\consumer_service\config\KafkaConsumerService.java. Using fallback presentation compiler.
2026.03.02 23:16:48 INFO  no build target found for D:\CODING\JAVA\consumer-service\src\main\java\com\example\consumer_service\config\KafkaConsumerService.java. Using fallback presentation compiler.
2026.03.02 23:16:48 INFO  no build target found for D:\CODING\JAVA\consumer-service\src\main\java\com\example\consumer_service\config\KafkaConsumerService.java. Using fallback presentation compiler.
2026.03.02 23:16:48 INFO  no build target found for D:\CODING\JAVA\consumer-service\src\main\java\com\example\consumer_service\config\KafkaConsumerService.java. Using fallback presentation compiler.
2026.03.02 23:16:48 INFO  no build target found for D:\CODING\JAVA\consumer-service\src\main\java\com\example\consumer_service\config\KafkaConsumerService.java. Using fallback presentation compiler.
2026.03.02 23:16:48 INFO  no build target found for D:\CODING\JAVA\consumer-service\src\main\java\com\example\consumer_service\config\KafkaConsumerService.java. Using fallback presentation compiler.
2026.03.02 23:16:48 INFO  no build target found for D:\CODING\JAVA\consumer-service\src\main\java\com\example\consumer_service\config\KafkaConsumerService.java. Using fallback presentation compiler.
2026.03.02 23:16:48 INFO  no build target found for D:\CODING\JAVA\consumer-service\src\main\java\com\example\consumer_service\config\KafkaConsumerService.java. Using fallback presentation compiler.
2026.03.02 23:16:49 INFO  no build target found for D:\CODING\JAVA\consumer-service\src\main\java\com\example\consumer_service\config\KafkaConsumerService.java. Using fallback presentation compiler.
2026.03.02 23:16:49 INFO  no build target found for D:\CODING\JAVA\consumer-service\src\main\java\com\example\consumer_service\config\KafkaConsumerService.java. Using fallback presentation compiler.
2026.03.02 23:16:49 INFO  no build target found for D:\CODING\JAVA\consumer-service\src\main\java\com\example\consumer_service\config\KafkaConsumerService.java. Using fallback presentation compiler.
2026.03.02 23:16:49 INFO  no build target found for D:\CODING\JAVA\consumer-service\src\main\java\com\example\consumer_service\config\KafkaConsumerService.java. Using fallback presentation compiler.
2026.03.02 23:16:49 INFO  no build target found for D:\CODING\JAVA\consumer-service\src\main\java\com\example\consumer_service\config\KafkaConsumerService.java. Using fallback presentation compiler.
2026.03.02 23:16:49 INFO  no build target found for D:\CODING\JAVA\consumer-service\src\main\java\com\example\consumer_service\config\KafkaConsumerService.java. Using fallback presentation compiler.
2026.03.02 23:16:49 INFO  no build target found for D:\CODING\JAVA\consumer-service\src\main\java\com\example\consumer_service\config\KafkaConsumerService.java. Using fallback presentation compiler.
2026.03.02 23:16:50 INFO  no build target found for D:\CODING\JAVA\consumer-service\src\main\java\com\example\consumer_service\config\KafkaConsumerService.java. Using fallback presentation compiler.
2026.03.02 23:16:50 INFO  no build target found for D:\CODING\JAVA\consumer-service\src\main\java\com\example\consumer_service\config\KafkaConsumerService.java. Using fallback presentation compiler.
2026.03.02 23:16:50 INFO  no build target found for D:\CODING\JAVA\consumer-service\src\main\java\com\example\consumer_service\config\KafkaConsumerService.java. Using fallback presentation compiler.
2026.03.02 23:16:51 INFO  no build target found for D:\CODING\JAVA\consumer-service\src\main\java\com\example\consumer_service\config\KafkaConsumerService.java. Using fallback presentation compiler.
2026.03.02 23:16:51 INFO  no build target found for D:\CODING\JAVA\consumer-service\src\main\java\com\example\consumer_service\config\KafkaConsumerService.java. Using fallback presentation compiler.
2026.03.02 23:16:51 INFO  no build target found for D:\CODING\JAVA\consumer-service\src\main\java\com\example\consumer_service\config\KafkaConsumerService.java. Using fallback presentation compiler.
2026.03.02 23:16:51 INFO  no build target found for D:\CODING\JAVA\consumer-service\src\main\java\com\example\consumer_service\config\KafkaConsumerService.java. Using fallback presentation compiler.
2026.03.02 23:16:52 INFO  no build target found for D:\CODING\JAVA\consumer-service\src\main\java\com\example\consumer_service\config\KafkaConsumerService.java. Using fallback presentation compiler.
2026.03.02 23:16:51 INFO  no build target found for D:\CODING\JAVA\consumer-service\src\main\java\com\example\consumer_service\config\KafkaConsumerService.java. Using fallback presentation compiler.
2026.03.02 23:16:52 INFO  no build target found for D:\CODING\JAVA\consumer-service\src\main\java\com\example\consumer_service\config\KafkaConsumerService.java. Using fallback presentation compiler.
2026.03.02 23:16:52 INFO  no build target found for D:\CODING\JAVA\consumer-service\src\main\java\com\example\consumer_service\config\KafkaConsumerService.java. Using fallback presentation compiler.
2026.03.02 23:16:52 INFO  no build target found for D:\CODING\JAVA\consumer-service\src\main\java\com\example\consumer_service\config\KafkaConsumerService.java. Using fallback presentation compiler.
2026.03.02 23:16:52 INFO  no build target found for D:\CODING\JAVA\consumer-service\src\main\java\com\example\consumer_service\config\KafkaConsumerService.java. Using fallback presentation compiler.
2026.03.02 23:16:52 INFO  no build target found for D:\CODING\JAVA\consumer-service\src\main\java\com\example\consumer_service\config\KafkaConsumerService.java. Using fallback presentation compiler.
2026.03.02 23:16:52 INFO  no build target found for D:\CODING\JAVA\consumer-service\src\main\java\com\example\consumer_service\config\KafkaConsumerService.java. Using fallback presentation compiler.
2026.03.02 23:16:52 INFO  no build target found for D:\CODING\JAVA\consumer-service\src\main\java\com\example\consumer_service\config\KafkaConsumerService.java. Using fallback presentation compiler.
2026.03.02 23:16:52 INFO  no build target found for D:\CODING\JAVA\consumer-service\src\main\java\com\example\consumer_service\config\KafkaConsumerService.java. Using fallback presentation compiler.
2026.03.02 23:16:52 INFO  no build target found for D:\CODING\JAVA\consumer-service\src\main\java\com\example\consumer_service\config\KafkaConsumerService.java. Using fallback presentation compiler.
2026.03.02 23:16:53 INFO  no build target found for D:\CODING\JAVA\consumer-service\src\main\java\com\example\consumer_service\config\KafkaConsumerService.java. Using fallback presentation compiler.
2026.03.02 23:16:53 INFO  no build target found for D:\CODING\JAVA\consumer-service\src\main\java\com\example\consumer_service\config\KafkaConsumerService.java. Using fallback presentation compiler.
2026.03.02 23:16:53 INFO  no build target found for D:\CODING\JAVA\consumer-service\src\main\java\com\example\consumer_service\config\KafkaConsumerService.java. Using fallback presentation compiler.
2026.03.02 23:16:53 INFO  no build target found for D:\CODING\JAVA\consumer-service\src\main\java\com\example\consumer_service\config\KafkaConsumerService.java. Using fallback presentation compiler.
2026.03.02 23:16:54 INFO  no build target found for D:\CODING\JAVA\consumer-service\src\main\java\com\example\consumer_service\config\KafkaConsumerService.java. Using fallback presentation compiler.
2026.03.02 23:16:55 WARN  no build target for: D:\CODING\JAVA\consumer-service\src\main\java\com\example\consumer_service\config\KafkaConsumerService.java
2026.03.02 23:16:55 INFO  no build target found for D:\CODING\JAVA\consumer-service\src\main\java\com\example\consumer_service\config\KafkaConsumerService.java. Using fallback presentation compiler.
2026.03.02 23:16:57 INFO  no build target found for D:\CODING\JAVA\consumer-service\src\main\java\com\example\consumer_service\config\KafkaConsumerService.java. Using fallback presentation compiler.
2026.03.02 23:16:57 INFO  no build target found for D:\CODING\JAVA\consumer-service\src\main\java\com\example\consumer_service\config\KafkaConsumerService.java. Using fallback presentation compiler.
2026.03.02 23:17:10 INFO  no build target found for D:\CODING\JAVA\consumer-service\src\main\java\com\example\consumer_service\config\KafkaConsumerProperties.java. Using fallback presentation compiler.
2026.03.02 23:17:10 INFO  no build target found for D:\CODING\JAVA\consumer-service\src\main\java\com\example\consumer_service\config\KafkaConsumerProperties.java. Using fallback presentation compiler.
2026.03.02 23:17:10 INFO  no build target found for D:\CODING\JAVA\consumer-service\src\main\java\com\example\consumer_service\config\KafkaConsumerProperties.java. Using fallback presentation compiler.
2026.03.02 23:17:10 INFO  no build target found for D:\CODING\JAVA\consumer-service\src\main\java\com\example\consumer_service\config\KafkaConsumerProperties.java. Using fallback presentation compiler.
2026.03.02 23:17:10 WARN  no build target for: D:\CODING\JAVA\consumer-service\src\main\java\com\example\consumer_service\config\KafkaConsumerProperties.java
2026.03.02 23:17:11 WARN  no build target for: D:\CODING\JAVA\consumer-service\src\main\java\com\example\consumer_service\config\KafkaConsumerService.java
2026.03.02 23:17:11 INFO  no build target found for D:\CODING\JAVA\consumer-service\src\main\java\com\example\consumer_service\config\KafkaConsumerProperties.java. Using fallback presentation compiler.
2026.03.02 23:17:11 INFO  no build target found for D:\CODING\JAVA\consumer-service\src\main\java\com\example\consumer_service\config\KafkaConsumerProperties.java. Using fallback presentation compiler.
2026.03.02 23:17:13 WARN  no build target for: D:\CODING\JAVA\consumer-service\src\main\java\com\example\consumer_service\config\KafkaConsumerService.java
2026.03.02 23:17:13 INFO  no build target found for D:\CODING\JAVA\consumer-service\src\main\java\com\example\consumer_service\config\KafkaConsumerService.java. Using fallback presentation compiler.
2026.03.02 23:17:13 INFO  no build target found for D:\CODING\JAVA\consumer-service\src\main\java\com\example\consumer_service\config\KafkaConsumerService.java. Using fallback presentation compiler.
2026.03.02 23:17:14 WARN  no build target for: D:\CODING\JAVA\consumer-service\src\main\java\com\example\consumer_service\config\KafkaConsumerProperties.java
2026.03.02 23:17:14 INFO  no build target found for D:\CODING\JAVA\consumer-service\src\main\java\com\example\consumer_service\config\KafkaConsumerProperties.java. Using fallback presentation compiler.
2026.03.02 23:17:15 INFO  no build target found for D:\CODING\JAVA\consumer-service\src\main\java\com\example\consumer_service\config\KafkaConsumerProperties.java. Using fallback presentation compiler.
2026.03.02 23:17:14 INFO  no build target found for D:\CODING\JAVA\consumer-service\src\main\java\com\example\consumer_service\config\KafkaConsumerProperties.java. Using fallback presentation compiler.
2026.03.02 23:17:21 INFO  no build target found for D:\CODING\JAVA\consumer-service\src\main\java\com\example\consumer_service\config\KafkaConsumerProperties.java. Using fallback presentation compiler.
2026.03.02 23:17:21 INFO  no build target found for D:\CODING\JAVA\consumer-service\src\main\java\com\example\consumer_service\config\KafkaConsumerProperties.java. Using fallback presentation compiler.
2026.03.02 23:17:21 INFO  no build target found for D:\CODING\JAVA\consumer-service\src\main\java\com\example\consumer_service\config\KafkaConsumerProperties.java. Using fallback presentation compiler.
2026.03.02 23:17:21 INFO  no build target found for D:\CODING\JAVA\consumer-service\src\main\java\com\example\consumer_service\config\KafkaConsumerProperties.java. Using fallback presentation compiler.
2026.03.02 23:17:21 INFO  no build target found for D:\CODING\JAVA\consumer-service\src\main\java\com\example\consumer_service\config\KafkaConsumerProperties.java. Using fallback presentation compiler.
2026.03.02 23:17:22 INFO  no build target found for D:\CODING\JAVA\consumer-service\src\main\java\com\example\consumer_service\config\KafkaConsumerProperties.java. Using fallback presentation compiler.
2026.03.02 23:17:22 INFO  no build target found for D:\CODING\JAVA\consumer-service\src\main\java\com\example\consumer_service\config\KafkaConsumerProperties.java. Using fallback presentation compiler.
2026.03.02 23:17:22 INFO  no build target found for D:\CODING\JAVA\consumer-service\src\main\java\com\example\consumer_service\config\KafkaConsumerProperties.java. Using fallback presentation compiler.
2026.03.02 23:17:22 INFO  no build target found for D:\CODING\JAVA\consumer-service\src\main\java\com\example\consumer_service\config\KafkaConsumerProperties.java. Using fallback presentation compiler.
2026.03.02 23:17:22 INFO  no build target found for D:\CODING\JAVA\consumer-service\src\main\java\com\example\consumer_service\config\KafkaConsumerProperties.java. Using fallback presentation compiler.
2026.03.02 23:17:22 INFO  no build target found for D:\CODING\JAVA\consumer-service\src\main\java\com\example\consumer_service\config\KafkaConsumerProperties.java. Using fallback presentation compiler.
2026.03.02 23:17:22 INFO  no build target found for D:\CODING\JAVA\consumer-service\src\main\java\com\example\consumer_service\config\KafkaConsumerProperties.java. Using fallback presentation compiler.
2026.03.02 23:17:22 INFO  no build target found for D:\CODING\JAVA\consumer-service\src\main\java\com\example\consumer_service\config\KafkaConsumerProperties.java. Using fallback presentation compiler.
2026.03.02 23:17:23 INFO  no build target found for D:\CODING\JAVA\consumer-service\src\main\java\com\example\consumer_service\config\KafkaConsumerProperties.java. Using fallback presentation compiler.
2026.03.02 23:17:22 INFO  no build target found for D:\CODING\JAVA\consumer-service\src\main\java\com\example\consumer_service\config\KafkaConsumerProperties.java. Using fallback presentation compiler.
2026.03.02 23:17:23 INFO  no build target found for D:\CODING\JAVA\consumer-service\src\main\java\com\example\consumer_service\config\KafkaConsumerProperties.java. Using fallback presentation compiler.
2026.03.02 23:17:24 INFO  no build target found for D:\CODING\JAVA\consumer-service\src\main\java\com\example\consumer_service\config\KafkaConsumerProperties.java. Using fallback presentation compiler.
2026.03.02 23:17:23 INFO  no build target found for D:\CODING\JAVA\consumer-service\src\main\java\com\example\consumer_service\config\KafkaConsumerProperties.java. Using fallback presentation compiler.
2026.03.02 23:17:23 INFO  no build target found for D:\CODING\JAVA\consumer-service\src\main\java\com\example\consumer_service\config\KafkaConsumerProperties.java. Using fallback presentation compiler.
2026.03.02 23:17:24 INFO  no build target found for D:\CODING\JAVA\consumer-service\src\main\java\com\example\consumer_service\config\KafkaConsumerProperties.java. Using fallback presentation compiler.
2026.03.02 23:17:25 INFO  no build target found for D:\CODING\JAVA\consumer-service\src\main\java\com\example\consumer_service\config\KafkaConsumerProperties.java. Using fallback presentation compiler.
2026.03.02 23:17:25 INFO  no build target found for D:\CODING\JAVA\consumer-service\src\main\java\com\example\consumer_service\config\KafkaConsumerProperties.java. Using fallback presentation compiler.
2026.03.02 23:17:25 INFO  no build target found for D:\CODING\JAVA\consumer-service\src\main\java\com\example\consumer_service\config\KafkaConsumerProperties.java. Using fallback presentation compiler.
2026.03.02 23:17:25 INFO  no build target found for D:\CODING\JAVA\consumer-service\src\main\java\com\example\consumer_service\config\KafkaConsumerProperties.java. Using fallback presentation compiler.
2026.03.02 23:17:25 INFO  no build target found for D:\CODING\JAVA\consumer-service\src\main\java\com\example\consumer_service\config\KafkaConsumerProperties.java. Using fallback presentation compiler.
2026.03.02 23:17:25 INFO  no build target found for D:\CODING\JAVA\consumer-service\src\main\java\com\example\consumer_service\config\KafkaConsumerProperties.java. Using fallback presentation compiler.
2026.03.02 23:17:26 INFO  no build target found for D:\CODING\JAVA\consumer-service\src\main\java\com\example\consumer_service\config\KafkaConsumerProperties.java. Using fallback presentation compiler.
2026.03.02 23:17:25 INFO  no build target found for D:\CODING\JAVA\consumer-service\src\main\java\com\example\consumer_service\config\KafkaConsumerProperties.java. Using fallback presentation compiler.
2026.03.02 23:17:25 INFO  no build target found for D:\CODING\JAVA\consumer-service\src\main\java\com\example\consumer_service\config\KafkaConsumerProperties.java. Using fallback presentation compiler.
2026.03.02 23:17:26 INFO  no build target found for D:\CODING\JAVA\consumer-service\src\main\java\com\example\consumer_service\config\KafkaConsumerProperties.java. Using fallback presentation compiler.
2026.03.02 23:17:25 INFO  no build target found for D:\CODING\JAVA\consumer-service\src\main\java\com\example\consumer_service\config\KafkaConsumerProperties.java. Using fallback presentation compiler.
2026.03.02 23:17:26 INFO  no build target found for D:\CODING\JAVA\consumer-service\src\main\java\com\example\consumer_service\config\KafkaConsumerProperties.java. Using fallback presentation compiler.
2026.03.02 23:17:26 INFO  no build target found for D:\CODING\JAVA\consumer-service\src\main\java\com\example\consumer_service\config\KafkaConsumerProperties.java. Using fallback presentation compiler.
2026.03.02 23:17:26 INFO  no build target found for D:\CODING\JAVA\consumer-service\src\main\java\com\example\consumer_service\config\KafkaConsumerProperties.java. Using fallback presentation compiler.
2026.03.02 23:17:26 INFO  no build target found for D:\CODING\JAVA\consumer-service\src\main\java\com\example\consumer_service\config\KafkaConsumerProperties.java. Using fallback presentation compiler.
2026.03.02 23:17:26 INFO  no build target found for D:\CODING\JAVA\consumer-service\src\main\java\com\example\consumer_service\config\KafkaConsumerProperties.java. Using fallback presentation compiler.
2026.03.02 23:17:27 INFO  no build target found for D:\CODING\JAVA\consumer-service\src\main\java\com\example\consumer_service\config\KafkaConsumerProperties.java. Using fallback presentation compiler.
2026.03.02 23:17:28 WARN  no build target for: D:\CODING\JAVA\consumer-service\src\main\java\com\example\consumer_service\config\KafkaConsumerProperties.java
2026.03.02 23:17:28 INFO  no build target found for D:\CODING\JAVA\consumer-service\src\main\java\com\example\consumer_service\config\KafkaConsumerProperties.java. Using fallback presentation compiler.
2026.03.02 23:17:31 INFO  no build target found for D:\CODING\JAVA\consumer-service\src\main\java\com\example\consumer_service\config\KafkaConsumerProperties.java. Using fallback presentation compiler.
2026.03.02 23:17:31 INFO  no build target found for D:\CODING\JAVA\consumer-service\src\main\java\com\example\consumer_service\config\KafkaConsumerProperties.java. Using fallback presentation compiler.
2026.03.02 23:17:31 INFO  no build target found for D:\CODING\JAVA\consumer-service\src\main\java\com\example\consumer_service\config\KafkaConsumerProperties.java. Using fallback presentation compiler.
2026.03.02 23:17:31 INFO  no build target found for D:\CODING\JAVA\consumer-service\src\main\java\com\example\consumer_service\config\KafkaConsumerProperties.java. Using fallback presentation compiler.
2026.03.02 23:17:31 INFO  no build target found for D:\CODING\JAVA\consumer-service\src\main\java\com\example\consumer_service\config\KafkaConsumerProperties.java. Using fallback presentation compiler.
2026.03.02 23:17:31 INFO  no build target found for D:\CODING\JAVA\consumer-service\src\main\java\com\example\consumer_service\config\KafkaConsumerProperties.java. Using fallback presentation compiler.
2026.03.02 23:17:32 INFO  no build target found for D:\CODING\JAVA\consumer-service\src\main\java\com\example\consumer_service\config\KafkaConsumerProperties.java. Using fallback presentation compiler.
2026.03.02 23:17:34 INFO  no build target found for D:\CODING\JAVA\consumer-service\src\main\java\com\example\consumer_service\config\KafkaConsumerProperties.java. Using fallback presentation compiler.
2026.03.02 23:17:34 INFO  no build target found for D:\CODING\JAVA\consumer-service\src\main\java\com\example\consumer_service\config\KafkaConsumerProperties.java. Using fallback presentation compiler.
2026.03.02 23:17:34 INFO  no build target found for D:\CODING\JAVA\consumer-service\src\main\java\com\example\consumer_service\config\KafkaConsumerProperties.java. Using fallback presentation compiler.
2026.03.02 23:17:37 INFO  no build target found for D:\CODING\JAVA\consumer-service\src\main\java\com\example\consumer_service\config\KafkaConsumerProperties.java. Using fallback presentation compiler.
2026.03.02 23:17:37 INFO  no build target found for D:\CODING\JAVA\consumer-service\src\main\java\com\example\consumer_service\config\KafkaConsumerProperties.java. Using fallback presentation compiler.
2026.03.02 23:17:37 INFO  no build target found for D:\CODING\JAVA\consumer-service\src\main\java\com\example\consumer_service\config\KafkaConsumerProperties.java. Using fallback presentation compiler.
2026.03.02 23:17:37 INFO  no build target found for D:\CODING\JAVA\consumer-service\src\main\java\com\example\consumer_service\config\KafkaConsumerProperties.java. Using fallback presentation compiler.
2026.03.02 23:17:38 INFO  no build target found for D:\CODING\JAVA\consumer-service\src\main\java\com\example\consumer_service\config\KafkaConsumerProperties.java. Using fallback presentation compiler.
2026.03.02 23:17:38 INFO  no build target found for D:\CODING\JAVA\consumer-service\src\main\java\com\example\consumer_service\config\KafkaConsumerProperties.java. Using fallback presentation compiler.
2026.03.02 23:17:39 INFO  no build target found for D:\CODING\JAVA\consumer-service\src\main\java\com\example\consumer_service\config\KafkaConsumerProperties.java. Using fallback presentation compiler.
2026.03.02 23:17:40 INFO  no build target found for D:\CODING\JAVA\consumer-service\src\main\java\com\example\consumer_service\config\KafkaConsumerProperties.java. Using fallback presentation compiler.
2026.03.02 23:17:40 INFO  no build target found for D:\CODING\JAVA\consumer-service\src\main\java\com\example\consumer_service\config\KafkaConsumerProperties.java. Using fallback presentation compiler.
2026.03.02 23:17:40 INFO  no build target found for D:\CODING\JAVA\consumer-service\src\main\java\com\example\consumer_service\config\KafkaConsumerProperties.java. Using fallback presentation compiler.
2026.03.02 23:17:41 INFO  no build target found for D:\CODING\JAVA\consumer-service\src\main\java\com\example\consumer_service\config\KafkaConsumerProperties.java. Using fallback presentation compiler.
2026.03.02 23:17:42 INFO  no build target found for D:\CODING\JAVA\consumer-service\src\main\java\com\example\consumer_service\config\KafkaConsumerProperties.java. Using fallback presentation compiler.
2026.03.02 23:17:42 INFO  no build target found for D:\CODING\JAVA\consumer-service\src\main\java\com\example\consumer_service\config\KafkaConsumerProperties.java. Using fallback presentation compiler.
2026.03.02 23:17:42 INFO  no build target found for D:\CODING\JAVA\consumer-service\src\main\java\com\example\consumer_service\config\KafkaConsumerProperties.java. Using fallback presentation compiler.
2026.03.02 23:17:43 INFO  no build target found for D:\CODING\JAVA\consumer-service\src\main\java\com\example\consumer_service\config\KafkaConsumerProperties.java. Using fallback presentation compiler.
2026.03.02 23:17:43 INFO  no build target found for D:\CODING\JAVA\consumer-service\src\main\java\com\example\consumer_service\config\KafkaConsumerProperties.java. Using fallback presentation compiler.
2026.03.02 23:17:43 INFO  no build target found for D:\CODING\JAVA\consumer-service\src\main\java\com\example\consumer_service\config\KafkaConsumerProperties.java. Using fallback presentation compiler.
2026.03.02 23:17:43 INFO  no build target found for D:\CODING\JAVA\consumer-service\src\main\java\com\example\consumer_service\config\KafkaConsumerProperties.java. Using fallback presentation compiler.
2026.03.02 23:17:43 INFO  no build target found for D:\CODING\JAVA\consumer-service\src\main\java\com\example\consumer_service\config\KafkaConsumerProperties.java. Using fallback presentation compiler.
2026.03.02 23:17:44 INFO  no build target found for D:\CODING\JAVA\consumer-service\src\main\java\com\example\consumer_service\config\KafkaConsumerProperties.java. Using fallback presentation compiler.
2026.03.02 23:17:44 INFO  no build target found for D:\CODING\JAVA\consumer-service\src\main\java\com\example\consumer_service\config\KafkaConsumerProperties.java. Using fallback presentation compiler.
2026.03.02 23:17:44 INFO  no build target found for D:\CODING\JAVA\consumer-service\src\main\java\com\example\consumer_service\config\KafkaConsumerProperties.java. Using fallback presentation compiler.
2026.03.02 23:17:46 INFO  no build target found for D:\CODING\JAVA\consumer-service\src\main\java\com\example\consumer_service\config\KafkaConsumerProperties.java. Using fallback presentation compiler.
2026.03.02 23:17:46 INFO  no build target found for D:\CODING\JAVA\consumer-service\src\main\java\com\example\consumer_service\config\KafkaConsumerProperties.java. Using fallback presentation compiler.
2026.03.02 23:17:46 INFO  no build target found for D:\CODING\JAVA\consumer-service\src\main\java\com\example\consumer_service\config\KafkaConsumerProperties.java. Using fallback presentation compiler.
2026.03.02 23:17:46 INFO  no build target found for D:\CODING\JAVA\consumer-service\src\main\java\com\example\consumer_service\config\KafkaConsumerProperties.java. Using fallback presentation compiler.
2026.03.02 23:17:46 INFO  no build target found for D:\CODING\JAVA\consumer-service\src\main\java\com\example\consumer_service\config\KafkaConsumerProperties.java. Using fallback presentation compiler.
2026.03.02 23:17:46 INFO  no build target found for D:\CODING\JAVA\consumer-service\src\main\java\com\example\consumer_service\config\KafkaConsumerProperties.java. Using fallback presentation compiler.
2026.03.02 23:17:47 INFO  no build target found for D:\CODING\JAVA\consumer-service\src\main\java\com\example\consumer_service\config\KafkaConsumerProperties.java. Using fallback presentation compiler.
2026.03.02 23:17:47 INFO  no build target found for D:\CODING\JAVA\consumer-service\src\main\java\com\example\consumer_service\config\KafkaConsumerProperties.java. Using fallback presentation compiler.
2026.03.02 23:17:48 INFO  no build target found for D:\CODING\JAVA\consumer-service\src\main\java\com\example\consumer_service\config\KafkaConsumerProperties.java. Using fallback presentation compiler.
2026.03.02 23:17:49 WARN  no build target for: D:\CODING\JAVA\consumer-service\src\main\java\com\example\consumer_service\config\KafkaConsumerProperties.java
2026.03.02 23:17:49 INFO  no build target found for D:\CODING\JAVA\consumer-service\src\main\java\com\example\consumer_service\config\KafkaConsumerProperties.java. Using fallback presentation compiler.
2026.03.02 23:23:46 INFO  no build target found for D:\CODING\JAVA\consumer-service\src\main\java\com\example\consumer_service\config\KafkaConsumerProperties.java. Using fallback presentation compiler.
2026.03.02 23:23:46 INFO  no build target found for D:\CODING\JAVA\consumer-service\src\main\java\com\example\consumer_service\config\KafkaConsumerProperties.java. Using fallback presentation compiler.
2026.03.02 23:23:46 INFO  no build target found for D:\CODING\JAVA\consumer-service\src\main\java\com\example\consumer_service\config\KafkaConsumerProperties.java. Using fallback presentation compiler.
2026.03.02 23:23:47 INFO  no build target found for D:\CODING\JAVA\consumer-service\src\main\java\com\example\consumer_service\config\KafkaConsumerProperties.java. Using fallback presentation compiler.
2026.03.02 23:23:46 INFO  no build target found for D:\CODING\JAVA\consumer-service\src\main\java\com\example\consumer_service\config\KafkaConsumerProperties.java. Using fallback presentation compiler.
2026.03.02 23:23:48 INFO  no build target found for D:\CODING\JAVA\consumer-service\src\main\java\com\example\consumer_service\config\KafkaConsumerProperties.java. Using fallback presentation compiler.
2026.03.02 23:23:48 WARN  no build target for: D:\CODING\JAVA\consumer-service\src\main\java\com\example\consumer_service\config\KafkaConsumerProperties.java
2026.03.02 23:23:49 INFO  no build target found for D:\CODING\JAVA\consumer-service\src\main\java\com\example\consumer_service\config\KafkaConsumerProperties.java. Using fallback presentation compiler.
2026.03.02 23:23:49 WARN  no build target for: D:\CODING\JAVA\consumer-service\src\main\java\com\example\consumer_service\config\KafkaConsumerService.java
2026.03.02 23:23:49 INFO  no build target found for D:\CODING\JAVA\consumer-service\src\main\java\com\example\consumer_service\config\KafkaConsumerService.java. Using fallback presentation compiler.
2026.03.02 23:23:49 INFO  no build target found for D:\CODING\JAVA\consumer-service\src\main\java\com\example\consumer_service\config\KafkaConsumerService.java. Using fallback presentation compiler.
2026.03.02 23:23:50 WARN  no build target for: D:\CODING\JAVA\consumer-service\src\main\java\com\example\consumer_service\ConsumerServiceApplication.java
2026.03.02 23:23:50 INFO  no build target found for D:\CODING\JAVA\consumer-service\src\main\java\com\example\consumer_service\ConsumerServiceApplication.java. Using fallback presentation compiler.
2026.03.02 23:23:50 INFO  no build target found for D:\CODING\JAVA\consumer-service\src\main\java\com\example\consumer_service\ConsumerServiceApplication.java. Using fallback presentation compiler.
2026.03.02 23:23:52 INFO  no build target found for D:\CODING\JAVA\consumer-service\src\main\java\com\example\consumer_service\config\KafkaConsumerService.java. Using fallback presentation compiler.
2026.03.02 23:23:52 INFO  no build target found for D:\CODING\JAVA\consumer-service\src\main\java\com\example\consumer_service\config\KafkaConsumerProperties.java. Using fallback presentation compiler.
2026.03.02 23:23:52 INFO  no build target found for D:\CODING\JAVA\consumer-service\src\main\java\com\example\consumer_service\ConsumerServiceApplication.java. Using fallback presentation compiler.
2026.03.02 23:23:54 INFO  no build target found for D:\CODING\JAVA\consumer-service\src\main\java\com\example\consumer_service\config\KafkaConsumerService.java. Using fallback presentation compiler.
2026.03.02 23:23:54 INFO  no build target found for D:\CODING\JAVA\consumer-service\src\main\java\com\example\consumer_service\config\KafkaConsumerService.java. Using fallback presentation compiler.
2026.03.02 23:23:58 INFO  no build target found for D:\CODING\JAVA\consumer-service\src\main\java\com\example\consumer_service\config\KafkaConsumerService.java. Using fallback presentation compiler.
2026.03.02 23:23:58 INFO  no build target found for D:\CODING\JAVA\consumer-service\src\main\java\com\example\consumer_service\config\KafkaConsumerProperties.java. Using fallback presentation compiler.
2026.03.02 23:23:58 INFO  no build target found for D:\CODING\JAVA\consumer-service\src\main\java\com\example\consumer_service\config\KafkaConsumerProperties.java. Using fallback presentation compiler.
2026.03.02 23:23:58 INFO  no build target found for D:\CODING\JAVA\consumer-service\src\main\java\com\example\consumer_service\config\KafkaConsumerProperties.java. Using fallback presentation compiler.
2026.03.02 23:24:00 INFO  no build target found for D:\CODING\JAVA\consumer-service\src\main\java\com\example\consumer_service\config\KafkaConsumerProperties.java. Using fallback presentation compiler.
2026.03.02 23:24:00 INFO  no build target found for D:\CODING\JAVA\consumer-service\src\main\java\com\example\consumer_service\config\KafkaConsumerService.java. Using fallback presentation compiler.
2026.03.02 23:24:00 INFO  no build target found for D:\CODING\JAVA\consumer-service\src\main\java\com\example\consumer_service\config\KafkaConsumerService.java. Using fallback presentation compiler.
2026.03.02 23:24:27 INFO  no build target found for D:\CODING\JAVA\consumer-service\src\main\java\com\example\consumer_service\config\KafkaConsumerService.java. Using fallback presentation compiler.
2026.03.02 23:24:27 INFO  no build target found for D:\CODING\JAVA\consumer-service\src\main\java\com\example\consumer_service\config\KafkaConsumerProperties.java. Using fallback presentation compiler.
2026.03.02 23:24:27 INFO  no build target found for D:\CODING\JAVA\consumer-service\src\main\java\com\example\consumer_service\config\KafkaConsumerProperties.java. Using fallback presentation compiler.
2026.03.02 23:24:27 INFO  no build target found for D:\CODING\JAVA\consumer-service\src\main\java\com\example\consumer_service\config\KafkaConsumerProperties.java. Using fallback presentation compiler.
2026.03.02 23:24:28 INFO  no build target found for D:\CODING\JAVA\consumer-service\src\main\java\com\example\consumer_service\config\KafkaConsumerProperties.java. Using fallback presentation compiler.
2026.03.02 23:24:29 INFO  no build target found for D:\CODING\JAVA\consumer-service\src\main\java\com\example\consumer_service\config\KafkaConsumerProperties.java. Using fallback presentation compiler.
2026.03.02 23:24:28 INFO  no build target found for D:\CODING\JAVA\consumer-service\src\main\java\com\example\consumer_service\config\KafkaConsumerProperties.java. Using fallback presentation compiler.
2026.03.02 23:24:28 INFO  no build target found for D:\CODING\JAVA\consumer-service\src\main\java\com\example\consumer_service\config\KafkaConsumerProperties.java. Using fallback presentation compiler.
2026.03.02 23:24:28 INFO  no build target found for D:\CODING\JAVA\consumer-service\src\main\java\com\example\consumer_service\config\KafkaConsumerProperties.java. Using fallback presentation compiler.
2026.03.02 23:24:29 INFO  no build target found for D:\CODING\JAVA\consumer-service\src\main\java\com\example\consumer_service\config\KafkaConsumerProperties.java. Using fallback presentation compiler.
2026.03.02 23:24:28 INFO  no build target found for D:\CODING\JAVA\consumer-service\src\main\java\com\example\consumer_service\config\KafkaConsumerProperties.java. Using fallback presentation compiler.
2026.03.02 23:24:28 INFO  no build target found for D:\CODING\JAVA\consumer-service\src\main\java\com\example\consumer_service\config\KafkaConsumerProperties.java. Using fallback presentation compiler.
2026.03.02 23:24:28 INFO  no build target found for D:\CODING\JAVA\consumer-service\src\main\java\com\example\consumer_service\config\KafkaConsumerProperties.java. Using fallback presentation compiler.
2026.03.02 23:24:29 INFO  no build target found for D:\CODING\JAVA\consumer-service\src\main\java\com\example\consumer_service\config\KafkaConsumerProperties.java. Using fallback presentation compiler.
2026.03.02 23:24:29 INFO  no build target found for D:\CODING\JAVA\consumer-service\src\main\java\com\example\consumer_service\config\KafkaConsumerProperties.java. Using fallback presentation compiler.
2026.03.02 23:24:29 INFO  no build target found for D:\CODING\JAVA\consumer-service\src\main\java\com\example\consumer_service\config\KafkaConsumerProperties.java. Using fallback presentation compiler.
2026.03.02 23:24:29 INFO  no build target found for D:\CODING\JAVA\consumer-service\src\main\java\com\example\consumer_service\config\KafkaConsumerProperties.java. Using fallback presentation compiler.
2026.03.02 23:24:30 INFO  no build target found for D:\CODING\JAVA\consumer-service\src\main\java\com\example\consumer_service\config\KafkaConsumerProperties.java. Using fallback presentation compiler.
2026.03.02 23:24:29 INFO  no build target found for D:\CODING\JAVA\consumer-service\src\main\java\com\example\consumer_service\config\KafkaConsumerProperties.java. Using fallback presentation compiler.
2026.03.02 23:24:29 INFO  no build target found for D:\CODING\JAVA\consumer-service\src\main\java\com\example\consumer_service\config\KafkaConsumerProperties.java. Using fallback presentation compiler.
2026.03.02 23:24:30 INFO  no build target found for D:\CODING\JAVA\consumer-service\src\main\java\com\example\consumer_service\config\KafkaConsumerProperties.java. Using fallback presentation compiler.
2026.03.02 23:24:29 INFO  no build target found for D:\CODING\JAVA\consumer-service\src\main\java\com\example\consumer_service\config\KafkaConsumerProperties.java. Using fallback presentation compiler.
2026.03.02 23:24:29 INFO  no build target found for D:\CODING\JAVA\consumer-service\src\main\java\com\example\consumer_service\config\KafkaConsumerProperties.java. Using fallback presentation compiler.
2026.03.02 23:24:30 INFO  no build target found for D:\CODING\JAVA\consumer-service\src\main\java\com\example\consumer_service\config\KafkaConsumerProperties.java. Using fallback presentation compiler.
2026.03.02 23:24:31 INFO  no build target found for D:\CODING\JAVA\consumer-service\src\main\java\com\example\consumer_service\config\KafkaConsumerProperties.java. Using fallback presentation compiler.
2026.03.02 23:24:31 INFO  no build target found for D:\CODING\JAVA\consumer-service\src\main\java\com\example\consumer_service\config\KafkaConsumerProperties.java. Using fallback presentation compiler.
2026.03.02 23:24:31 INFO  no build target found for D:\CODING\JAVA\consumer-service\src\main\java\com\example\consumer_service\config\KafkaConsumerProperties.java. Using fallback presentation compiler.
2026.03.02 23:24:31 INFO  no build target found for D:\CODING\JAVA\consumer-service\src\main\java\com\example\consumer_service\config\KafkaConsumerProperties.java. Using fallback presentation compiler.
2026.03.02 23:24:31 INFO  no build target found for D:\CODING\JAVA\consumer-service\src\main\java\com\example\consumer_service\config\KafkaConsumerProperties.java. Using fallback presentation compiler.
2026.03.02 23:24:31 INFO  no build target found for D:\CODING\JAVA\consumer-service\src\main\java\com\example\consumer_service\config\KafkaConsumerProperties.java. Using fallback presentation compiler.
2026.03.02 23:24:31 INFO  no build target found for D:\CODING\JAVA\consumer-service\src\main\java\com\example\consumer_service\config\KafkaConsumerProperties.java. Using fallback presentation compiler.
2026.03.02 23:24:32 INFO  no build target found for D:\CODING\JAVA\consumer-service\src\main\java\com\example\consumer_service\config\KafkaConsumerProperties.java. Using fallback presentation compiler.
2026.03.02 23:24:31 INFO  no build target found for D:\CODING\JAVA\consumer-service\src\main\java\com\example\consumer_service\config\KafkaConsumerProperties.java. Using fallback presentation compiler.
2026.03.02 23:24:31 INFO  no build target found for D:\CODING\JAVA\consumer-service\src\main\java\com\example\consumer_service\config\KafkaConsumerProperties.java. Using fallback presentation compiler.
2026.03.02 23:24:32 INFO  no build target found for D:\CODING\JAVA\consumer-service\src\main\java\com\example\consumer_service\config\KafkaConsumerProperties.java. Using fallback presentation compiler.
2026.03.02 23:24:32 INFO  no build target found for D:\CODING\JAVA\consumer-service\src\main\java\com\example\consumer_service\config\KafkaConsumerProperties.java. Using fallback presentation compiler.
2026.03.02 23:24:32 INFO  no build target found for D:\CODING\JAVA\consumer-service\src\main\java\com\example\consumer_service\config\KafkaConsumerProperties.java. Using fallback presentation compiler.
2026.03.02 23:24:32 INFO  no build target found for D:\CODING\JAVA\consumer-service\src\main\java\com\example\consumer_service\config\KafkaConsumerProperties.java. Using fallback presentation compiler.
2026.03.02 23:24:32 INFO  no build target found for D:\CODING\JAVA\consumer-service\src\main\java\com\example\consumer_service\config\KafkaConsumerProperties.java. Using fallback presentation compiler.
2026.03.02 23:24:32 INFO  no build target found for D:\CODING\JAVA\consumer-service\src\main\java\com\example\consumer_service\config\KafkaConsumerProperties.java. Using fallback presentation compiler.
2026.03.02 23:24:32 INFO  no build target found for D:\CODING\JAVA\consumer-service\src\main\java\com\example\consumer_service\config\KafkaConsumerProperties.java. Using fallback presentation compiler.
2026.03.02 23:24:32 INFO  no build target found for D:\CODING\JAVA\consumer-service\src\main\java\com\example\consumer_service\config\KafkaConsumerProperties.java. Using fallback presentation compiler.
Mar 02, 2026 11:24:33 PM org.eclipse.lsp4j.jsonrpc.RemoteEndpoint handleCancellation
WARNING: Unmatched cancel notification for request id 404
2026.03.02 23:24:32 INFO  no build target found for D:\CODING\JAVA\consumer-service\src\main\java\com\example\consumer_service\config\KafkaConsumerProperties.java. Using fallback presentation compiler.
Mar 02, 2026 11:24:33 PM org.eclipse.lsp4j.jsonrpc.RemoteEndpoint handleCancellation
WARNING: Unmatched cancel notification for request id 405
2026.03.02 23:24:32 INFO  no build target found for D:\CODING\JAVA\consumer-service\src\main\java\com\example\consumer_service\config\KafkaConsumerProperties.java. Using fallback presentation compiler.
2026.03.02 23:24:35 WARN  no build target for: D:\CODING\JAVA\consumer-service\src\main\java\com\example\consumer_service\config\KafkaConsumerProperties.java
2026.03.02 23:24:35 INFO  no build target found for D:\CODING\JAVA\consumer-service\src\main\java\com\example\consumer_service\config\KafkaConsumerProperties.java. Using fallback presentation compiler.
2026.03.02 23:24:35 INFO  Created report: Optional[file:///D:/CODING/JAVA/consumer-service/src/main/java/com/example/consumer_service/config/KafkaConsumerProperties.java]
2026.03.02 23:24:35 INFO  QDox parse error in file:///D:/CODING/JAVA/consumer-service/src/main/java/com/example/consumer_service/config/KafkaConsumerProperties.java (full report at: "D:\CODING\JAVA\consumer-service\.metals\.reports\metals-full\2026-03-02\r_qdox-error_23-24-35-111.md")
2026.03.02 23:24:35 WARN  Running javac-semanticdb failed for file:///D:/CODING/JAVA/consumer-service/src/main/java/com/example/consumer_service/config/KafkaConsumerProperties.java. Output:

2026.03.02 23:24:40 INFO  no build target found for D:\CODING\JAVA\consumer-service\src\main\java\com\example\consumer_service\config\KafkaConsumerProperties.java. Using fallback presentation compiler.
2026.03.02 23:24:40 INFO  no build target found for D:\CODING\JAVA\consumer-service\src\main\java\com\example\consumer_service\config\KafkaConsumerProperties.java. Using fallback presentation compiler.
2026.03.02 23:24:40 INFO  no build target found for D:\CODING\JAVA\consumer-service\src\main\java\com\example\consumer_service\config\KafkaConsumerProperties.java. Using fallback presentation compiler.
2026.03.02 23:24:40 INFO  no build target found for D:\CODING\JAVA\consumer-service\src\main\java\com\example\consumer_service\config\KafkaConsumerProperties.java. Using fallback presentation compiler.
2026.03.02 23:24:40 INFO  no build target found for D:\CODING\JAVA\consumer-service\src\main\java\com\example\consumer_service\config\KafkaConsumerProperties.java. Using fallback presentation compiler.
2026.03.02 23:24:40 INFO  no build target found for D:\CODING\JAVA\consumer-service\src\main\java\com\example\consumer_service\config\KafkaConsumerProperties.java. Using fallback presentation compiler.
2026.03.02 23:24:40 INFO  no build target found for D:\CODING\JAVA\consumer-service\src\main\java\com\example\consumer_service\config\KafkaConsumerProperties.java. Using fallback presentation compiler.
2026.03.02 23:24:41 INFO  no build target found for D:\CODING\JAVA\consumer-service\src\main\java\com\example\consumer_service\config\KafkaConsumerProperties.java. Using fallback presentation compiler.
2026.03.02 23:24:41 INFO  no build target found for D:\CODING\JAVA\consumer-service\src\main\java\com\example\consumer_service\config\KafkaConsumerProperties.java. Using fallback presentation compiler.
2026.03.02 23:24:41 INFO  no build target found for D:\CODING\JAVA\consumer-service\src\main\java\com\example\consumer_service\config\KafkaConsumerProperties.java. Using fallback presentation compiler.
2026.03.02 23:24:41 INFO  no build target found for D:\CODING\JAVA\consumer-service\src\main\java\com\example\consumer_service\config\KafkaConsumerProperties.java. Using fallback presentation compiler.
Mar 02, 2026 11:24:41 PM org.eclipse.lsp4j.jsonrpc.RemoteEndpoint handleCancellation
WARNING: Unmatched cancel notification for request id 423
2026.03.02 23:24:41 INFO  no build target found for D:\CODING\JAVA\consumer-service\src\main\java\com\example\consumer_service\config\KafkaConsumerProperties.java. Using fallback presentation compiler.
2026.03.02 23:24:41 INFO  no build target found for D:\CODING\JAVA\consumer-service\src\main\java\com\example\consumer_service\config\KafkaConsumerProperties.java. Using fallback presentation compiler.
2026.03.02 23:24:41 INFO  no build target found for D:\CODING\JAVA\consumer-service\src\main\java\com\example\consumer_service\config\KafkaConsumerProperties.java. Using fallback presentation compiler.
2026.03.02 23:24:41 INFO  no build target found for D:\CODING\JAVA\consumer-service\src\main\java\com\example\consumer_service\config\KafkaConsumerProperties.java. Using fallback presentation compiler.
2026.03.02 23:24:41 INFO  no build target found for D:\CODING\JAVA\consumer-service\src\main\java\com\example\consumer_service\config\KafkaConsumerProperties.java. Using fallback presentation compiler.
2026.03.02 23:24:42 INFO  no build target found for D:\CODING\JAVA\consumer-service\src\main\java\com\example\consumer_service\config\KafkaConsumerProperties.java. Using fallback presentation compiler.
2026.03.02 23:24:42 INFO  no build target found for D:\CODING\JAVA\consumer-service\src\main\java\com\example\consumer_service\config\KafkaConsumerProperties.java. Using fallback presentation compiler.
2026.03.02 23:24:42 INFO  no build target found for D:\CODING\JAVA\consumer-service\src\main\java\com\example\consumer_service\config\KafkaConsumerProperties.java. Using fallback presentation compiler.
2026.03.02 23:24:42 INFO  no build target found for D:\CODING\JAVA\consumer-service\src\main\java\com\example\consumer_service\config\KafkaConsumerProperties.java. Using fallback presentation compiler.
2026.03.02 23:24:42 INFO  no build target found for D:\CODING\JAVA\consumer-service\src\main\java\com\example\consumer_service\config\KafkaConsumerProperties.java. Using fallback presentation compiler.
2026.03.02 23:24:43 INFO  no build target found for D:\CODING\JAVA\consumer-service\src\main\java\com\example\consumer_service\config\KafkaConsumerProperties.java. Using fallback presentation compiler.
2026.03.02 23:24:43 INFO  no build target found for D:\CODING\JAVA\consumer-service\src\main\java\com\example\consumer_service\config\KafkaConsumerProperties.java. Using fallback presentation compiler.
2026.03.02 23:24:43 INFO  no build target found for D:\CODING\JAVA\consumer-service\src\main\java\com\example\consumer_service\config\KafkaConsumerProperties.java. Using fallback presentation compiler.
2026.03.02 23:24:43 INFO  no build target found for D:\CODING\JAVA\consumer-service\src\main\java\com\example\consumer_service\config\KafkaConsumerProperties.java. Using fallback presentation compiler.
2026.03.02 23:24:43 INFO  no build target found for D:\CODING\JAVA\consumer-service\src\main\java\com\example\consumer_service\config\KafkaConsumerProperties.java. Using fallback presentation compiler.
2026.03.02 23:24:43 INFO  no build target found for D:\CODING\JAVA\consumer-service\src\main\java\com\example\consumer_service\config\KafkaConsumerProperties.java. Using fallback presentation compiler.
2026.03.02 23:24:43 INFO  no build target found for D:\CODING\JAVA\consumer-service\src\main\java\com\example\consumer_service\config\KafkaConsumerProperties.java. Using fallback presentation compiler.
2026.03.02 23:24:44 INFO  no build target found for D:\CODING\JAVA\consumer-service\src\main\java\com\example\consumer_service\config\KafkaConsumerProperties.java. Using fallback presentation compiler.
2026.03.02 23:24:44 INFO  no build target found for D:\CODING\JAVA\consumer-service\src\main\java\com\example\consumer_service\config\KafkaConsumerProperties.java. Using fallback presentation compiler.
2026.03.02 23:24:44 INFO  no build target found for D:\CODING\JAVA\consumer-service\src\main\java\com\example\consumer_service\config\KafkaConsumerProperties.java. Using fallback presentation compiler.
2026.03.02 23:24:44 INFO  no build target found for D:\CODING\JAVA\consumer-service\src\main\java\com\example\consumer_service\config\KafkaConsumerProperties.java. Using fallback presentation compiler.
2026.03.02 23:24:44 INFO  no build target found for D:\CODING\JAVA\consumer-service\src\main\java\com\example\consumer_service\config\KafkaConsumerProperties.java. Using fallback presentation compiler.
2026.03.02 23:24:44 INFO  no build target found for D:\CODING\JAVA\consumer-service\src\main\java\com\example\consumer_service\config\KafkaConsumerProperties.java. Using fallback presentation compiler.
2026.03.02 23:24:44 INFO  no build target found for D:\CODING\JAVA\consumer-service\src\main\java\com\example\consumer_service\config\KafkaConsumerProperties.java. Using fallback presentation compiler.
2026.03.02 23:24:44 INFO  no build target found for D:\CODING\JAVA\consumer-service\src\main\java\com\example\consumer_service\config\KafkaConsumerProperties.java. Using fallback presentation compiler.
2026.03.02 23:24:45 INFO  no build target found for D:\CODING\JAVA\consumer-service\src\main\java\com\example\consumer_service\config\KafkaConsumerProperties.java. Using fallback presentation compiler.
2026.03.02 23:24:45 INFO  no build target found for D:\CODING\JAVA\consumer-service\src\main\java\com\example\consumer_service\config\KafkaConsumerProperties.java. Using fallback presentation compiler.
2026.03.02 23:24:45 INFO  no build target found for D:\CODING\JAVA\consumer-service\src\main\java\com\example\consumer_service\config\KafkaConsumerProperties.java. Using fallback presentation compiler.
2026.03.02 23:24:45 INFO  no build target found for D:\CODING\JAVA\consumer-service\src\main\java\com\example\consumer_service\config\KafkaConsumerProperties.java. Using fallback presentation compiler.
2026.03.02 23:24:45 INFO  no build target found for D:\CODING\JAVA\consumer-service\src\main\java\com\example\consumer_service\config\KafkaConsumerProperties.java. Using fallback presentation compiler.
2026.03.02 23:24:46 INFO  no build target found for D:\CODING\JAVA\consumer-service\src\main\java\com\example\consumer_service\config\KafkaConsumerProperties.java. Using fallback presentation compiler.
2026.03.02 23:24:45 INFO  no build target found for D:\CODING\JAVA\consumer-service\src\main\java\com\example\consumer_service\config\KafkaConsumerProperties.java. Using fallback presentation compiler.
2026.03.02 23:24:45 INFO  no build target found for D:\CODING\JAVA\consumer-service\src\main\java\com\example\consumer_service\config\KafkaConsumerProperties.java. Using fallback presentation compiler.
2026.03.02 23:24:45 INFO  no build target found for D:\CODING\JAVA\consumer-service\src\main\java\com\example\consumer_service\config\KafkaConsumerProperties.java. Using fallback presentation compiler.
2026.03.02 23:24:45 INFO  no build target found for D:\CODING\JAVA\consumer-service\src\main\java\com\example\consumer_service\config\KafkaConsumerProperties.java. Using fallback presentation compiler.
2026.03.02 23:24:46 INFO  no build target found for D:\CODING\JAVA\consumer-service\src\main\java\com\example\consumer_service\config\KafkaConsumerProperties.java. Using fallback presentation compiler.
2026.03.02 23:24:46 INFO  no build target found for D:\CODING\JAVA\consumer-service\src\main\java\com\example\consumer_service\config\KafkaConsumerProperties.java. Using fallback presentation compiler.
2026.03.02 23:24:46 INFO  no build target found for D:\CODING\JAVA\consumer-service\src\main\java\com\example\consumer_service\config\KafkaConsumerProperties.java. Using fallback presentation compiler.
2026.03.02 23:24:46 INFO  no build target found for D:\CODING\JAVA\consumer-service\src\main\java\com\example\consumer_service\config\KafkaConsumerProperties.java. Using fallback presentation compiler.
2026.03.02 23:24:46 INFO  no build target found for D:\CODING\JAVA\consumer-service\src\main\java\com\example\consumer_service\config\KafkaConsumerProperties.java. Using fallback presentation compiler.
2026.03.02 23:24:47 INFO  no build target found for D:\CODING\JAVA\consumer-service\src\main\java\com\example\consumer_service\config\KafkaConsumerProperties.java. Using fallback presentation compiler.
2026.03.02 23:24:46 INFO  no build target found for D:\CODING\JAVA\consumer-service\src\main\java\com\example\consumer_service\config\KafkaConsumerProperties.java. Using fallback presentation compiler.
2026.03.02 23:24:46 INFO  no build target found for D:\CODING\JAVA\consumer-service\src\main\java\com\example\consumer_service\config\KafkaConsumerProperties.java. Using fallback presentation compiler.
2026.03.02 23:24:46 INFO  no build target found for D:\CODING\JAVA\consumer-service\src\main\java\com\example\consumer_service\config\KafkaConsumerProperties.java. Using fallback presentation compiler.
2026.03.02 23:24:46 INFO  no build target found for D:\CODING\JAVA\consumer-service\src\main\java\com\example\consumer_service\config\KafkaConsumerProperties.java. Using fallback presentation compiler.
2026.03.02 23:24:47 INFO  no build target found for D:\CODING\JAVA\consumer-service\src\main\java\com\example\consumer_service\config\KafkaConsumerProperties.java. Using fallback presentation compiler.
2026.03.02 23:24:46 INFO  no build target found for D:\CODING\JAVA\consumer-service\src\main\java\com\example\consumer_service\config\KafkaConsumerProperties.java. Using fallback presentation compiler.
2026.03.02 23:24:48 INFO  no build target found for D:\CODING\JAVA\consumer-service\src\main\java\com\example\consumer_service\config\KafkaConsumerProperties.java. Using fallback presentation compiler.
2026.03.02 23:24:48 INFO  no build target found for D:\CODING\JAVA\consumer-service\src\main\java\com\example\consumer_service\config\KafkaConsumerProperties.java. Using fallback presentation compiler.
2026.03.02 23:24:48 INFO  no build target found for D:\CODING\JAVA\consumer-service\src\main\java\com\example\consumer_service\config\KafkaConsumerProperties.java. Using fallback presentation compiler.
2026.03.02 23:24:47 INFO  no build target found for D:\CODING\JAVA\consumer-service\src\main\java\com\example\consumer_service\config\KafkaConsumerProperties.java. Using fallback presentation compiler.
2026.03.02 23:24:48 INFO  no build target found for D:\CODING\JAVA\consumer-service\src\main\java\com\example\consumer_service\config\KafkaConsumerProperties.java. Using fallback presentation compiler.
2026.03.02 23:24:48 INFO  no build target found for D:\CODING\JAVA\consumer-service\src\main\java\com\example\consumer_service\config\KafkaConsumerProperties.java. Using fallback presentation compiler.
2026.03.02 23:24:49 INFO  no build target found for D:\CODING\JAVA\consumer-service\src\main\java\com\example\consumer_service\config\KafkaConsumerProperties.java. Using fallback presentation compiler.
2026.03.02 23:24:49 WARN  no build target for: D:\CODING\JAVA\consumer-service\src\main\java\com\example\consumer_service\config\KafkaConsumerProperties.java
2026.03.02 23:24:49 INFO  no build target found for D:\CODING\JAVA\consumer-service\src\main\java\com\example\consumer_service\config\KafkaConsumerProperties.java. Using fallback presentation compiler.
2026.03.02 23:24:53 INFO  no build target found for D:\CODING\JAVA\consumer-service\src\main\java\com\example\consumer_service\config\KafkaConsumerProperties.java. Using fallback presentation compiler.
2026.03.02 23:24:53 INFO  no build target found for D:\CODING\JAVA\consumer-service\src\main\java\com\example\consumer_service\config\KafkaConsumerProperties.java. Using fallback presentation compiler.
2026.03.02 23:24:53 INFO  no build target found for D:\CODING\JAVA\consumer-service\src\main\java\com\example\consumer_service\config\KafkaConsumerProperties.java. Using fallback presentation compiler.
2026.03.02 23:24:53 INFO  no build target found for D:\CODING\JAVA\consumer-service\src\main\java\com\example\consumer_service\config\KafkaConsumerProperties.java. Using fallback presentation compiler.
2026.03.02 23:24:53 INFO  no build target found for D:\CODING\JAVA\consumer-service\src\main\java\com\example\consumer_service\config\KafkaConsumerProperties.java. Using fallback presentation compiler.
2026.03.02 23:24:53 INFO  no build target found for D:\CODING\JAVA\consumer-service\src\main\java\com\example\consumer_service\config\KafkaConsumerProperties.java. Using fallback presentation compiler.
2026.03.02 23:24:53 INFO  no build target found for D:\CODING\JAVA\consumer-service\src\main\java\com\example\consumer_service\config\KafkaConsumerProperties.java. Using fallback presentation compiler.
2026.03.02 23:24:53 INFO  no build target found for D:\CODING\JAVA\consumer-service\src\main\java\com\example\consumer_service\config\KafkaConsumerProperties.java. Using fallback presentation compiler.
2026.03.02 23:24:53 INFO  no build target found for D:\CODING\JAVA\consumer-service\src\main\java\com\example\consumer_service\config\KafkaConsumerProperties.java. Using fallback presentation compiler.
2026.03.02 23:24:53 INFO  no build target found for D:\CODING\JAVA\consumer-service\src\main\java\com\example\consumer_service\config\KafkaConsumerProperties.java. Using fallback presentation compiler.
2026.03.02 23:24:53 INFO  no build target found for D:\CODING\JAVA\consumer-service\src\main\java\com\example\consumer_service\config\KafkaConsumerProperties.java. Using fallback presentation compiler.
2026.03.02 23:24:54 INFO  no build target found for D:\CODING\JAVA\consumer-service\src\main\java\com\example\consumer_service\config\KafkaConsumerProperties.java. Using fallback presentation compiler.
2026.03.02 23:24:54 INFO  no build target found for D:\CODING\JAVA\consumer-service\src\main\java\com\example\consumer_service\config\KafkaConsumerProperties.java. Using fallback presentation compiler.
2026.03.02 23:24:53 INFO  no build target found for D:\CODING\JAVA\consumer-service\src\main\java\com\example\consumer_service\config\KafkaConsumerProperties.java. Using fallback presentation compiler.
2026.03.02 23:24:54 INFO  no build target found for D:\CODING\JAVA\consumer-service\src\main\java\com\example\consumer_service\config\KafkaConsumerProperties.java. Using fallback presentation compiler.
2026.03.02 23:24:54 INFO  no build target found for D:\CODING\JAVA\consumer-service\src\main\java\com\example\consumer_service\config\KafkaConsumerProperties.java. Using fallback presentation compiler.
2026.03.02 23:24:54 INFO  no build target found for D:\CODING\JAVA\consumer-service\src\main\java\com\example\consumer_service\config\KafkaConsumerProperties.java. Using fallback presentation compiler.
2026.03.02 23:24:54 INFO  no build target found for D:\CODING\JAVA\consumer-service\src\main\java\com\example\consumer_service\config\KafkaConsumerProperties.java. Using fallback presentation compiler.
2026.03.02 23:24:54 INFO  no build target found for D:\CODING\JAVA\consumer-service\src\main\java\com\example\consumer_service\config\KafkaConsumerProperties.java. Using fallback presentation compiler.
2026.03.02 23:24:54 INFO  no build target found for D:\CODING\JAVA\consumer-service\src\main\java\com\example\consumer_service\config\KafkaConsumerProperties.java. Using fallback presentation compiler.
2026.03.02 23:24:54 INFO  no build target found for D:\CODING\JAVA\consumer-service\src\main\java\com\example\consumer_service\config\KafkaConsumerProperties.java. Using fallback presentation compiler.
2026.03.02 23:24:54 INFO  no build target found for D:\CODING\JAVA\consumer-service\src\main\java\com\example\consumer_service\config\KafkaConsumerProperties.java. Using fallback presentation compiler.
2026.03.02 23:24:54 INFO  no build target found for D:\CODING\JAVA\consumer-service\src\main\java\com\example\consumer_service\config\KafkaConsumerProperties.java. Using fallback presentation compiler.
2026.03.02 23:24:55 INFO  no build target found for D:\CODING\JAVA\consumer-service\src\main\java\com\example\consumer_service\config\KafkaConsumerProperties.java. Using fallback presentation compiler.
2026.03.02 23:24:55 INFO  no build target found for D:\CODING\JAVA\consumer-service\src\main\java\com\example\consumer_service\config\KafkaConsumerProperties.java. Using fallback presentation compiler.
2026.03.02 23:24:55 INFO  no build target found for D:\CODING\JAVA\consumer-service\src\main\java\com\example\consumer_service\config\KafkaConsumerProperties.java. Using fallback presentation compiler.
2026.03.02 23:24:55 INFO  no build target found for D:\CODING\JAVA\consumer-service\src\main\java\com\example\consumer_service\config\KafkaConsumerProperties.java. Using fallback presentation compiler.
2026.03.02 23:24:55 INFO  no build target found for D:\CODING\JAVA\consumer-service\src\main\java\com\example\consumer_service\config\KafkaConsumerProperties.java. Using fallback presentation compiler.
2026.03.02 23:24:55 INFO  no build target found for D:\CODING\JAVA\consumer-service\src\main\java\com\example\consumer_service\config\KafkaConsumerProperties.java. Using fallback presentation compiler.
2026.03.02 23:24:55 INFO  no build target found for D:\CODING\JAVA\consumer-service\src\main\java\com\example\consumer_service\config\KafkaConsumerProperties.java. Using fallback presentation compiler.
2026.03.02 23:24:55 INFO  no build target found for D:\CODING\JAVA\consumer-service\src\main\java\com\example\consumer_service\config\KafkaConsumerProperties.java. Using fallback presentation compiler.
2026.03.02 23:24:55 INFO  no build target found for D:\CODING\JAVA\consumer-service\src\main\java\com\example\consumer_service\config\KafkaConsumerProperties.java. Using fallback presentation compiler.
2026.03.02 23:24:55 INFO  no build target found for D:\CODING\JAVA\consumer-service\src\main\java\com\example\consumer_service\config\KafkaConsumerProperties.java. Using fallback presentation compiler.
2026.03.02 23:24:56 INFO  no build target found for D:\CODING\JAVA\consumer-service\src\main\java\com\example\consumer_service\config\KafkaConsumerProperties.java. Using fallback presentation compiler.
2026.03.02 23:24:56 INFO  no build target found for D:\CODING\JAVA\consumer-service\src\main\java\com\example\consumer_service\config\KafkaConsumerProperties.java. Using fallback presentation compiler.
2026.03.02 23:24:56 INFO  no build target found for D:\CODING\JAVA\consumer-service\src\main\java\com\example\consumer_service\config\KafkaConsumerProperties.java. Using fallback presentation compiler.
2026.03.02 23:24:56 INFO  no build target found for D:\CODING\JAVA\consumer-service\src\main\java\com\example\consumer_service\config\KafkaConsumerProperties.java. Using fallback presentation compiler.
2026.03.02 23:24:56 INFO  no build target found for D:\CODING\JAVA\consumer-service\src\main\java\com\example\consumer_service\config\KafkaConsumerProperties.java. Using fallback presentation compiler.
2026.03.02 23:24:56 INFO  no build target found for D:\CODING\JAVA\consumer-service\src\main\java\com\example\consumer_service\config\KafkaConsumerProperties.java. Using fallback presentation compiler.
2026.03.02 23:24:56 INFO  no build target found for D:\CODING\JAVA\consumer-service\src\main\java\com\example\consumer_service\config\KafkaConsumerProperties.java. Using fallback presentation compiler.
2026.03.02 23:24:56 INFO  no build target found for D:\CODING\JAVA\consumer-service\src\main\java\com\example\consumer_service\config\KafkaConsumerProperties.java. Using fallback presentation compiler.
Mar 02, 2026 11:24:57 PM org.eclipse.lsp4j.jsonrpc.RemoteEndpoint handleCancellation
WARNING: Unmatched cancel notification for request id 548
2026.03.02 23:24:56 INFO  no build target found for D:\CODING\JAVA\consumer-service\src\main\java\com\example\consumer_service\config\KafkaConsumerProperties.java. Using fallback presentation compiler.
2026.03.02 23:24:57 INFO  no build target found for D:\CODING\JAVA\consumer-service\src\main\java\com\example\consumer_service\config\KafkaConsumerProperties.java. Using fallback presentation compiler.
2026.03.02 23:24:57 INFO  no build target found for D:\CODING\JAVA\consumer-service\src\main\java\com\example\consumer_service\config\KafkaConsumerProperties.java. Using fallback presentation compiler.
2026.03.02 23:24:57 INFO  no build target found for D:\CODING\JAVA\consumer-service\src\main\java\com\example\consumer_service\config\KafkaConsumerProperties.java. Using fallback presentation compiler.
2026.03.02 23:24:57 INFO  no build target found for D:\CODING\JAVA\consumer-service\src\main\java\com\example\consumer_service\config\KafkaConsumerProperties.java. Using fallback presentation compiler.
2026.03.02 23:24:57 INFO  no build target found for D:\CODING\JAVA\consumer-service\src\main\java\com\example\consumer_service\config\KafkaConsumerProperties.java. Using fallback presentation compiler.
2026.03.02 23:24:57 INFO  no build target found for D:\CODING\JAVA\consumer-service\src\main\java\com\example\consumer_service\config\KafkaConsumerProperties.java. Using fallback presentation compiler.
2026.03.02 23:24:57 INFO  no build target found for D:\CODING\JAVA\consumer-service\src\main\java\com\example\consumer_service\config\KafkaConsumerProperties.java. Using fallback presentation compiler.
2026.03.02 23:24:57 INFO  no build target found for D:\CODING\JAVA\consumer-service\src\main\java\com\example\consumer_service\config\KafkaConsumerProperties.java. Using fallback presentation compiler.
2026.03.02 23:24:58 INFO  no build target found for D:\CODING\JAVA\consumer-service\src\main\java\com\example\consumer_service\config\KafkaConsumerProperties.java. Using fallback presentation compiler.
2026.03.02 23:24:58 INFO  no build target found for D:\CODING\JAVA\consumer-service\src\main\java\com\example\consumer_service\config\KafkaConsumerProperties.java. Using fallback presentation compiler.
2026.03.02 23:24:58 INFO  no build target found for D:\CODING\JAVA\consumer-service\src\main\java\com\example\consumer_service\config\KafkaConsumerProperties.java. Using fallback presentation compiler.
2026.03.02 23:24:58 INFO  no build target found for D:\CODING\JAVA\consumer-service\src\main\java\com\example\consumer_service\config\KafkaConsumerProperties.java. Using fallback presentation compiler.
2026.03.02 23:24:59 WARN  no build target for: D:\CODING\JAVA\consumer-service\src\main\java\com\example\consumer_service\config\KafkaConsumerProperties.java
2026.03.02 23:24:59 INFO  QDox parse error in file:///D:/CODING/JAVA/consumer-service/src/main/java/com/example/consumer_service/config/KafkaConsumerProperties.java (full report at: "D:\CODING\JAVA\consumer-service\.metals\.reports\metals-full\2026-03-02\r_qdox-error_23-24-35-111.md")
2026.03.02 23:24:59 INFO  no build target found for D:\CODING\JAVA\consumer-service\src\main\java\com\example\consumer_service\config\KafkaConsumerProperties.java. Using fallback presentation compiler.
2026.03.02 23:24:59 WARN  Running javac-semanticdb failed for file:///D:/CODING/JAVA/consumer-service/src/main/java/com/example/consumer_service/config/KafkaConsumerProperties.java. Output:

2026.03.02 23:24:58 INFO  no build target found for D:\CODING\JAVA\consumer-service\src\main\java\com\example\consumer_service\config\KafkaConsumerProperties.java. Using fallback presentation compiler.
2026.03.02 23:24:59 INFO  no build target found for D:\CODING\JAVA\consumer-service\src\main\java\com\example\consumer_service\config\KafkaConsumerProperties.java. Using fallback presentation compiler.
2026.03.02 23:24:59 INFO  no build target found for D:\CODING\JAVA\consumer-service\src\main\java\com\example\consumer_service\config\KafkaConsumerProperties.java. Using fallback presentation compiler.
2026.03.02 23:25:02 INFO  no build target found for D:\CODING\JAVA\consumer-service\src\main\java\com\example\consumer_service\config\KafkaConsumerProperties.java. Using fallback presentation compiler.
2026.03.02 23:25:02 INFO  no build target found for D:\CODING\JAVA\consumer-service\src\main\java\com\example\consumer_service\config\KafkaConsumerProperties.java. Using fallback presentation compiler.
2026.03.02 23:25:02 INFO  no build target found for D:\CODING\JAVA\consumer-service\src\main\java\com\example\consumer_service\config\KafkaConsumerProperties.java. Using fallback presentation compiler.
2026.03.02 23:25:02 INFO  no build target found for D:\CODING\JAVA\consumer-service\src\main\java\com\example\consumer_service\config\KafkaConsumerProperties.java. Using fallback presentation compiler.
2026.03.02 23:25:02 INFO  no build target found for D:\CODING\JAVA\consumer-service\src\main\java\com\example\consumer_service\config\KafkaConsumerProperties.java. Using fallback presentation compiler.
2026.03.02 23:25:02 INFO  no build target found for D:\CODING\JAVA\consumer-service\src\main\java\com\example\consumer_service\config\KafkaConsumerProperties.java. Using fallback presentation compiler.
2026.03.02 23:25:02 INFO  no build target found for D:\CODING\JAVA\consumer-service\src\main\java\com\example\consumer_service\config\KafkaConsumerProperties.java. Using fallback presentation compiler.
2026.03.02 23:25:03 INFO  no build target found for D:\CODING\JAVA\consumer-service\src\main\java\com\example\consumer_service\config\KafkaConsumerProperties.java. Using fallback presentation compiler.
2026.03.02 23:25:03 INFO  no build target found for D:\CODING\JAVA\consumer-service\src\main\java\com\example\consumer_service\config\KafkaConsumerProperties.java. Using fallback presentation compiler.
2026.03.02 23:25:03 INFO  no build target found for D:\CODING\JAVA\consumer-service\src\main\java\com\example\consumer_service\config\KafkaConsumerProperties.java. Using fallback presentation compiler.
2026.03.02 23:25:03 INFO  no build target found for D:\CODING\JAVA\consumer-service\src\main\java\com\example\consumer_service\config\KafkaConsumerProperties.java. Using fallback presentation compiler.
2026.03.02 23:25:03 INFO  no build target found for D:\CODING\JAVA\consumer-service\src\main\java\com\example\consumer_service\config\KafkaConsumerProperties.java. Using fallback presentation compiler.
2026.03.02 23:25:03 INFO  no build target found for D:\CODING\JAVA\consumer-service\src\main\java\com\example\consumer_service\config\KafkaConsumerProperties.java. Using fallback presentation compiler.
2026.03.02 23:25:03 INFO  no build target found for D:\CODING\JAVA\consumer-service\src\main\java\com\example\consumer_service\config\KafkaConsumerProperties.java. Using fallback presentation compiler.
2026.03.02 23:25:03 INFO  no build target found for D:\CODING\JAVA\consumer-service\src\main\java\com\example\consumer_service\config\KafkaConsumerProperties.java. Using fallback presentation compiler.
2026.03.02 23:25:03 INFO  no build target found for D:\CODING\JAVA\consumer-service\src\main\java\com\example\consumer_service\config\KafkaConsumerProperties.java. Using fallback presentation compiler.
2026.03.02 23:25:04 INFO  no build target found for D:\CODING\JAVA\consumer-service\src\main\java\com\example\consumer_service\config\KafkaConsumerProperties.java. Using fallback presentation compiler.
2026.03.02 23:25:04 INFO  no build target found for D:\CODING\JAVA\consumer-service\src\main\java\com\example\consumer_service\config\KafkaConsumerProperties.java. Using fallback presentation compiler.
2026.03.02 23:25:03 INFO  no build target found for D:\CODING\JAVA\consumer-service\src\main\java\com\example\consumer_service\config\KafkaConsumerProperties.java. Using fallback presentation compiler.
2026.03.02 23:25:04 INFO  no build target found for D:\CODING\JAVA\consumer-service\src\main\java\com\example\consumer_service\config\KafkaConsumerProperties.java. Using fallback presentation compiler.
2026.03.02 23:25:04 INFO  no build target found for D:\CODING\JAVA\consumer-service\src\main\java\com\example\consumer_service\config\KafkaConsumerProperties.java. Using fallback presentation compiler.
2026.03.02 23:25:05 INFO  no build target found for D:\CODING\JAVA\consumer-service\src\main\java\com\example\consumer_service\config\KafkaConsumerProperties.java. Using fallback presentation compiler.
2026.03.02 23:25:05 INFO  no build target found for D:\CODING\JAVA\consumer-service\src\main\java\com\example\consumer_service\config\KafkaConsumerProperties.java. Using fallback presentation compiler.
2026.03.02 23:25:05 INFO  no build target found for D:\CODING\JAVA\consumer-service\src\main\java\com\example\consumer_service\config\KafkaConsumerProperties.java. Using fallback presentation compiler.
2026.03.02 23:25:05 INFO  QDox parse error in file:///D:/CODING/JAVA/consumer-service/src/main/java/com/example/consumer_service/config/KafkaConsumerProperties.java (full report at: "D:\CODING\JAVA\consumer-service\.metals\.reports\metals-full\2026-03-02\r_qdox-error_23-24-35-111.md")
2026.03.02 23:25:05 WARN  no build target for: D:\CODING\JAVA\consumer-service\src\main\java\com\example\consumer_service\config\KafkaConsumerProperties.java
2026.03.02 23:25:05 INFO  no build target found for D:\CODING\JAVA\consumer-service\src\main\java\com\example\consumer_service\config\KafkaConsumerProperties.java. Using fallback presentation compiler.
2026.03.02 23:25:05 WARN  Running javac-semanticdb failed for file:///D:/CODING/JAVA/consumer-service/src/main/java/com/example/consumer_service/config/KafkaConsumerProperties.java. Output:

2026.03.02 23:25:05 INFO  no build target found for D:\CODING\JAVA\consumer-service\src\main\java\com\example\consumer_service\config\KafkaConsumerProperties.java. Using fallback presentation compiler.
2026.03.02 23:25:06 INFO  no build target found for D:\CODING\JAVA\consumer-service\src\main\java\com\example\consumer_service\config\KafkaConsumerProperties.java. Using fallback presentation compiler.
2026.03.02 23:25:06 INFO  no build target found for D:\CODING\JAVA\consumer-service\src\main\java\com\example\consumer_service\config\KafkaConsumerProperties.java. Using fallback presentation compiler.
2026.03.02 23:25:06 INFO  no build target found for D:\CODING\JAVA\consumer-service\src\main\java\com\example\consumer_service\config\KafkaConsumerProperties.java. Using fallback presentation compiler.
2026.03.02 23:25:08 INFO  no build target found for D:\CODING\JAVA\consumer-service\src\main\java\com\example\consumer_service\config\KafkaConsumerProperties.java. Using fallback presentation compiler.
2026.03.02 23:25:08 INFO  no build target found for D:\CODING\JAVA\consumer-service\src\main\java\com\example\consumer_service\config\KafkaConsumerProperties.java. Using fallback presentation compiler.
2026.03.02 23:25:08 INFO  no build target found for D:\CODING\JAVA\consumer-service\src\main\java\com\example\consumer_service\config\KafkaConsumerProperties.java. Using fallback presentation compiler.
2026.03.02 23:25:08 INFO  no build target found for D:\CODING\JAVA\consumer-service\src\main\java\com\example\consumer_service\config\KafkaConsumerProperties.java. Using fallback presentation compiler.
2026.03.02 23:25:08 INFO  no build target found for D:\CODING\JAVA\consumer-service\src\main\java\com\example\consumer_service\config\KafkaConsumerProperties.java. Using fallback presentation compiler.
2026.03.02 23:25:08 INFO  no build target found for D:\CODING\JAVA\consumer-service\src\main\java\com\example\consumer_service\config\KafkaConsumerProperties.java. Using fallback presentation compiler.
2026.03.02 23:25:08 INFO  no build target found for D:\CODING\JAVA\consumer-service\src\main\java\com\example\consumer_service\config\KafkaConsumerProperties.java. Using fallback presentation compiler.
2026.03.02 23:25:08 INFO  no build target found for D:\CODING\JAVA\consumer-service\src\main\java\com\example\consumer_service\config\KafkaConsumerProperties.java. Using fallback presentation compiler.
2026.03.02 23:25:09 INFO  no build target found for D:\CODING\JAVA\consumer-service\src\main\java\com\example\consumer_service\config\KafkaConsumerProperties.java. Using fallback presentation compiler.
2026.03.02 23:25:09 INFO  no build target found for D:\CODING\JAVA\consumer-service\src\main\java\com\example\consumer_service\config\KafkaConsumerProperties.java. Using fallback presentation compiler.
2026.03.02 23:25:09 INFO  no build target found for D:\CODING\JAVA\consumer-service\src\main\java\com\example\consumer_service\config\KafkaConsumerProperties.java. Using fallback presentation compiler.
2026.03.02 23:25:09 INFO  no build target found for D:\CODING\JAVA\consumer-service\src\main\java\com\example\consumer_service\config\KafkaConsumerProperties.java. Using fallback presentation compiler.
2026.03.02 23:25:09 INFO  no build target found for D:\CODING\JAVA\consumer-service\src\main\java\com\example\consumer_service\config\KafkaConsumerProperties.java. Using fallback presentation compiler.
Mar 02, 2026 11:25:09 PM org.eclipse.lsp4j.jsonrpc.RemoteEndpoint handleCancellation
WARNING: Unmatched cancel notification for request id 629
2026.03.02 23:25:09 INFO  no build target found for D:\CODING\JAVA\consumer-service\src\main\java\com\example\consumer_service\config\KafkaConsumerProperties.java. Using fallback presentation compiler.
2026.03.02 23:25:09 INFO  no build target found for D:\CODING\JAVA\consumer-service\src\main\java\com\example\consumer_service\config\KafkaConsumerProperties.java. Using fallback presentation compiler.
2026.03.02 23:25:09 INFO  no build target found for D:\CODING\JAVA\consumer-service\src\main\java\com\example\consumer_service\config\KafkaConsumerProperties.java. Using fallback presentation compiler.
2026.03.02 23:25:10 INFO  no build target found for D:\CODING\JAVA\consumer-service\src\main\java\com\example\consumer_service\config\KafkaConsumerProperties.java. Using fallback presentation compiler.
2026.03.02 23:25:10 INFO  no build target found for D:\CODING\JAVA\consumer-service\src\main\java\com\example\consumer_service\config\KafkaConsumerProperties.java. Using fallback presentation compiler.
2026.03.02 23:25:10 INFO  no build target found for D:\CODING\JAVA\consumer-service\src\main\java\com\example\consumer_service\config\KafkaConsumerProperties.java. Using fallback presentation compiler.
2026.03.02 23:25:10 INFO  no build target found for D:\CODING\JAVA\consumer-service\src\main\java\com\example\consumer_service\config\KafkaConsumerProperties.java. Using fallback presentation compiler.
2026.03.02 23:25:11 INFO  no build target found for D:\CODING\JAVA\consumer-service\src\main\java\com\example\consumer_service\config\KafkaConsumerProperties.java. Using fallback presentation compiler.
2026.03.02 23:25:10 INFO  no build target found for D:\CODING\JAVA\consumer-service\src\main\java\com\example\consumer_service\config\KafkaConsumerProperties.java. Using fallback presentation compiler.
2026.03.02 23:25:11 INFO  no build target found for D:\CODING\JAVA\consumer-service\src\main\java\com\example\consumer_service\config\KafkaConsumerProperties.java. Using fallback presentation compiler.
2026.03.02 23:25:11 INFO  no build target found for D:\CODING\JAVA\consumer-service\src\main\java\com\example\consumer_service\config\KafkaConsumerProperties.java. Using fallback presentation compiler.
2026.03.02 23:25:11 INFO  no build target found for D:\CODING\JAVA\consumer-service\src\main\java\com\example\consumer_service\config\KafkaConsumerProperties.java. Using fallback presentation compiler.
2026.03.02 23:25:11 INFO  no build target found for D:\CODING\JAVA\consumer-service\src\main\java\com\example\consumer_service\config\KafkaConsumerProperties.java. Using fallback presentation compiler.
2026.03.02 23:25:11 INFO  no build target found for D:\CODING\JAVA\consumer-service\src\main\java\com\example\consumer_service\config\KafkaConsumerProperties.java. Using fallback presentation compiler.
2026.03.02 23:25:12 INFO  QDox parse error in file:///D:/CODING/JAVA/consumer-service/src/main/java/com/example/consumer_service/config/KafkaConsumerProperties.java (full report at: "D:\CODING\JAVA\consumer-service\.metals\.reports\metals-full\2026-03-02\r_qdox-error_23-24-35-111.md")
2026.03.02 23:25:12 WARN  no build target for: D:\CODING\JAVA\consumer-service\src\main\java\com\example\consumer_service\config\KafkaConsumerProperties.java
2026.03.02 23:25:11 INFO  no build target found for D:\CODING\JAVA\consumer-service\src\main\java\com\example\consumer_service\config\KafkaConsumerProperties.java. Using fallback presentation compiler.
2026.03.02 23:25:11 WARN  Running javac-semanticdb failed for file:///D:/CODING/JAVA/consumer-service/src/main/java/com/example/consumer_service/config/KafkaConsumerProperties.java. Output:

2026.03.02 23:25:12 INFO  no build target found for D:\CODING\JAVA\consumer-service\src\main\java\com\example\consumer_service\config\KafkaConsumerProperties.java. Using fallback presentation compiler.
2026.03.02 23:25:13 INFO  no build target found for D:\CODING\JAVA\consumer-service\src\main\java\com\example\consumer_service\config\KafkaConsumerProperties.java. Using fallback presentation compiler.
2026.03.02 23:25:14 INFO  no build target found for D:\CODING\JAVA\consumer-service\src\main\java\com\example\consumer_service\config\KafkaConsumerProperties.java. Using fallback presentation compiler.
2026.03.02 23:25:14 INFO  no build target found for D:\CODING\JAVA\consumer-service\src\main\java\com\example\consumer_service\config\KafkaConsumerProperties.java. Using fallback presentation compiler.
2026.03.02 23:25:14 INFO  no build target found for D:\CODING\JAVA\consumer-service\src\main\java\com\example\consumer_service\config\KafkaConsumerProperties.java. Using fallback presentation compiler.
2026.03.02 23:25:14 INFO  no build target found for D:\CODING\JAVA\consumer-service\src\main\java\com\example\consumer_service\config\KafkaConsumerProperties.java. Using fallback presentation compiler.
2026.03.02 23:25:15 INFO  no build target found for D:\CODING\JAVA\consumer-service\src\main\java\com\example\consumer_service\config\KafkaConsumerProperties.java. Using fallback presentation compiler.
2026.03.02 23:25:14 INFO  no build target found for D:\CODING\JAVA\consumer-service\src\main\java\com\example\consumer_service\config\KafkaConsumerProperties.java. Using fallback presentation compiler.
2026.03.02 23:25:14 INFO  no build target found for D:\CODING\JAVA\consumer-service\src\main\java\com\example\consumer_service\config\KafkaConsumerProperties.java. Using fallback presentation compiler.
2026.03.02 23:25:14 INFO  no build target found for D:\CODING\JAVA\consumer-service\src\main\java\com\example\consumer_service\config\KafkaConsumerProperties.java. Using fallback presentation compiler.
2026.03.02 23:25:14 INFO  no build target found for D:\CODING\JAVA\consumer-service\src\main\java\com\example\consumer_service\config\KafkaConsumerProperties.java. Using fallback presentation compiler.
2026.03.02 23:25:16 INFO  no build target found for D:\CODING\JAVA\consumer-service\src\main\java\com\example\consumer_service\config\KafkaConsumerProperties.java. Using fallback presentation compiler.
2026.03.02 23:25:16 INFO  no build target found for D:\CODING\JAVA\consumer-service\src\main\java\com\example\consumer_service\config\KafkaConsumerProperties.java. Using fallback presentation compiler.
2026.03.02 23:25:16 INFO  no build target found for D:\CODING\JAVA\consumer-service\src\main\java\com\example\consumer_service\config\KafkaConsumerProperties.java. Using fallback presentation compiler.
2026.03.02 23:25:16 INFO  no build target found for D:\CODING\JAVA\consumer-service\src\main\java\com\example\consumer_service\config\KafkaConsumerProperties.java. Using fallback presentation compiler.
2026.03.02 23:25:16 INFO  no build target found for D:\CODING\JAVA\consumer-service\src\main\java\com\example\consumer_service\config\KafkaConsumerProperties.java. Using fallback presentation compiler.
2026.03.02 23:25:16 INFO  no build target found for D:\CODING\JAVA\consumer-service\src\main\java\com\example\consumer_service\config\KafkaConsumerProperties.java. Using fallback presentation compiler.
2026.03.02 23:25:16 INFO  no build target found for D:\CODING\JAVA\consumer-service\src\main\java\com\example\consumer_service\config\KafkaConsumerProperties.java. Using fallback presentation compiler.
2026.03.02 23:25:17 INFO  no build target found for D:\CODING\JAVA\consumer-service\src\main\java\com\example\consumer_service\config\KafkaConsumerProperties.java. Using fallback presentation compiler.
2026.03.02 23:25:17 INFO  no build target found for D:\CODING\JAVA\consumer-service\src\main\java\com\example\consumer_service\config\KafkaConsumerProperties.java. Using fallback presentation compiler.
2026.03.02 23:25:18 INFO  no build target found for D:\CODING\JAVA\consumer-service\src\main\java\com\example\consumer_service\config\KafkaConsumerProperties.java. Using fallback presentation compiler.
2026.03.02 23:25:20 WARN  no build target for: D:\CODING\JAVA\consumer-service\src\main\java\com\example\consumer_service\config\KafkaConsumerProperties.java
2026.03.02 23:25:20 INFO  no build target found for D:\CODING\JAVA\consumer-service\src\main\java\com\example\consumer_service\config\KafkaConsumerProperties.java. Using fallback presentation compiler.
2026.03.02 23:25:22 INFO  no build target found for D:\CODING\JAVA\consumer-service\src\main\java\com\example\consumer_service\config\KafkaConsumerProperties.java. Using fallback presentation compiler.
2026.03.02 23:25:22 INFO  no build target found for D:\CODING\JAVA\consumer-service\src\main\java\com\example\consumer_service\config\KafkaConsumerProperties.java. Using fallback presentation compiler.
2026.03.02 23:25:22 INFO  no build target found for D:\CODING\JAVA\consumer-service\src\main\java\com\example\consumer_service\config\KafkaConsumerProperties.java. Using fallback presentation compiler.
2026.03.02 23:25:22 INFO  no build target found for D:\CODING\JAVA\consumer-service\src\main\java\com\example\consumer_service\config\KafkaConsumerProperties.java. Using fallback presentation compiler.
2026.03.02 23:25:23 INFO  no build target found for D:\CODING\JAVA\consumer-service\src\main\java\com\example\consumer_service\config\KafkaConsumerProperties.java. Using fallback presentation compiler.
2026.03.02 23:25:22 INFO  no build target found for D:\CODING\JAVA\consumer-service\src\main\java\com\example\consumer_service\config\KafkaConsumerProperties.java. Using fallback presentation compiler.
2026.03.02 23:25:22 INFO  no build target found for D:\CODING\JAVA\consumer-service\src\main\java\com\example\consumer_service\config\KafkaConsumerProperties.java. Using fallback presentation compiler.
2026.03.02 23:25:23 INFO  no build target found for D:\CODING\JAVA\consumer-service\src\main\java\com\example\consumer_service\config\KafkaConsumerProperties.java. Using fallback presentation compiler.
2026.03.02 23:25:22 INFO  no build target found for D:\CODING\JAVA\consumer-service\src\main\java\com\example\consumer_service\config\KafkaConsumerProperties.java. Using fallback presentation compiler.
2026.03.02 23:25:22 INFO  no build target found for D:\CODING\JAVA\consumer-service\src\main\java\com\example\consumer_service\config\KafkaConsumerProperties.java. Using fallback presentation compiler.
2026.03.02 23:25:22 INFO  no build target found for D:\CODING\JAVA\consumer-service\src\main\java\com\example\consumer_service\config\KafkaConsumerProperties.java. Using fallback presentation compiler.
2026.03.02 23:25:23 INFO  no build target found for D:\CODING\JAVA\consumer-service\src\main\java\com\example\consumer_service\config\KafkaConsumerProperties.java. Using fallback presentation compiler.
2026.03.02 23:25:23 INFO  no build target found for D:\CODING\JAVA\consumer-service\src\main\java\com\example\consumer_service\config\KafkaConsumerProperties.java. Using fallback presentation compiler.
2026.03.02 23:25:23 INFO  no build target found for D:\CODING\JAVA\consumer-service\src\main\java\com\example\consumer_service\config\KafkaConsumerProperties.java. Using fallback presentation compiler.
2026.03.02 23:25:23 INFO  no build target found for D:\CODING\JAVA\consumer-service\src\main\java\com\example\consumer_service\config\KafkaConsumerProperties.java. Using fallback presentation compiler.
2026.03.02 23:25:23 INFO  no build target found for D:\CODING\JAVA\consumer-service\src\main\java\com\example\consumer_service\config\KafkaConsumerProperties.java. Using fallback presentation compiler.
2026.03.02 23:25:24 INFO  no build target found for D:\CODING\JAVA\consumer-service\src\main\java\com\example\consumer_service\config\KafkaConsumerProperties.java. Using fallback presentation compiler.
2026.03.02 23:25:23 INFO  no build target found for D:\CODING\JAVA\consumer-service\src\main\java\com\example\consumer_service\config\KafkaConsumerProperties.java. Using fallback presentation compiler.
2026.03.02 23:25:23 INFO  no build target found for D:\CODING\JAVA\consumer-service\src\main\java\com\example\consumer_service\config\KafkaConsumerProperties.java. Using fallback presentation compiler.
2026.03.02 23:25:24 INFO  no build target found for D:\CODING\JAVA\consumer-service\src\main\java\com\example\consumer_service\config\KafkaConsumerProperties.java. Using fallback presentation compiler.
2026.03.02 23:25:23 INFO  no build target found for D:\CODING\JAVA\consumer-service\src\main\java\com\example\consumer_service\config\KafkaConsumerProperties.java. Using fallback presentation compiler.
2026.03.02 23:25:25 INFO  no build target found for D:\CODING\JAVA\consumer-service\src\main\java\com\example\consumer_service\config\KafkaConsumerProperties.java. Using fallback presentation compiler.
2026.03.02 23:25:24 INFO  no build target found for D:\CODING\JAVA\consumer-service\src\main\java\com\example\consumer_service\config\KafkaConsumerProperties.java. Using fallback presentation compiler.
2026.03.02 23:25:25 INFO  no build target found for D:\CODING\JAVA\consumer-service\src\main\java\com\example\consumer_service\config\KafkaConsumerProperties.java. Using fallback presentation compiler.
2026.03.02 23:25:25 INFO  no build target found for D:\CODING\JAVA\consumer-service\src\main\java\com\example\consumer_service\config\KafkaConsumerProperties.java. Using fallback presentation compiler.
2026.03.02 23:25:25 INFO  no build target found for D:\CODING\JAVA\consumer-service\src\main\java\com\example\consumer_service\config\KafkaConsumerProperties.java. Using fallback presentation compiler.
2026.03.02 23:25:25 INFO  no build target found for D:\CODING\JAVA\consumer-service\src\main\java\com\example\consumer_service\config\KafkaConsumerProperties.java. Using fallback presentation compiler.
2026.03.02 23:25:25 INFO  no build target found for D:\CODING\JAVA\consumer-service\src\main\java\com\example\consumer_service\config\KafkaConsumerProperties.java. Using fallback presentation compiler.
2026.03.02 23:25:25 INFO  no build target found for D:\CODING\JAVA\consumer-service\src\main\java\com\example\consumer_service\config\KafkaConsumerProperties.java. Using fallback presentation compiler.
2026.03.02 23:25:25 INFO  no build target found for D:\CODING\JAVA\consumer-service\src\main\java\com\example\consumer_service\config\KafkaConsumerProperties.java. Using fallback presentation compiler.
2026.03.02 23:25:26 INFO  no build target found for D:\CODING\JAVA\consumer-service\src\main\java\com\example\consumer_service\config\KafkaConsumerProperties.java. Using fallback presentation compiler.
2026.03.02 23:25:26 INFO  QDox parse error in file:///D:/CODING/JAVA/consumer-service/src/main/java/com/example/consumer_service/config/KafkaConsumerProperties.java (full report at: "D:\CODING\JAVA\consumer-service\.metals\.reports\metals-full\2026-03-02\r_qdox-error_23-24-35-111.md")
2026.03.02 23:25:26 WARN  no build target for: D:\CODING\JAVA\consumer-service\src\main\java\com\example\consumer_service\config\KafkaConsumerProperties.java
2026.03.02 23:25:26 INFO  no build target found for D:\CODING\JAVA\consumer-service\src\main\java\com\example\consumer_service\config\KafkaConsumerProperties.java. Using fallback presentation compiler.
2026.03.02 23:25:26 WARN  Running javac-semanticdb failed for file:///D:/CODING/JAVA/consumer-service/src/main/java/com/example/consumer_service/config/KafkaConsumerProperties.java. Output:

2026.03.02 23:25:27 INFO  no build target found for D:\CODING\JAVA\consumer-service\src\main\java\com\example\consumer_service\config\KafkaConsumerProperties.java. Using fallback presentation compiler.
2026.03.02 23:25:29 INFO  no build target found for D:\CODING\JAVA\consumer-service\src\main\java\com\example\consumer_service\config\KafkaConsumerProperties.java. Using fallback presentation compiler.
2026.03.02 23:25:29 INFO  no build target found for D:\CODING\JAVA\consumer-service\src\main\java\com\example\consumer_service\config\KafkaConsumerProperties.java. Using fallback presentation compiler.
2026.03.02 23:25:29 INFO  no build target found for D:\CODING\JAVA\consumer-service\src\main\java\com\example\consumer_service\config\KafkaConsumerProperties.java. Using fallback presentation compiler.
2026.03.02 23:25:29 INFO  no build target found for D:\CODING\JAVA\consumer-service\src\main\java\com\example\consumer_service\config\KafkaConsumerProperties.java. Using fallback presentation compiler.
2026.03.02 23:25:29 INFO  no build target found for D:\CODING\JAVA\consumer-service\src\main\java\com\example\consumer_service\config\KafkaConsumerProperties.java. Using fallback presentation compiler.
2026.03.02 23:25:29 INFO  no build target found for D:\CODING\JAVA\consumer-service\src\main\java\com\example\consumer_service\config\KafkaConsumerProperties.java. Using fallback presentation compiler.
2026.03.02 23:25:29 INFO  no build target found for D:\CODING\JAVA\consumer-service\src\main\java\com\example\consumer_service\config\KafkaConsumerProperties.java. Using fallback presentation compiler.
2026.03.02 23:25:29 INFO  no build target found for D:\CODING\JAVA\consumer-service\src\main\java\com\example\consumer_service\config\KafkaConsumerProperties.java. Using fallback presentation compiler.
2026.03.02 23:25:29 INFO  no build target found for D:\CODING\JAVA\consumer-service\src\main\java\com\example\consumer_service\config\KafkaConsumerProperties.java. Using fallback presentation compiler.
2026.03.02 23:25:29 INFO  no build target found for D:\CODING\JAVA\consumer-service\src\main\java\com\example\consumer_service\config\KafkaConsumerProperties.java. Using fallback presentation compiler.
2026.03.02 23:25:29 INFO  no build target found for D:\CODING\JAVA\consumer-service\src\main\java\com\example\consumer_service\config\KafkaConsumerProperties.java. Using fallback presentation compiler.
2026.03.02 23:25:29 INFO  no build target found for D:\CODING\JAVA\consumer-service\src\main\java\com\example\consumer_service\config\KafkaConsumerProperties.java. Using fallback presentation compiler.
2026.03.02 23:25:30 INFO  no build target found for D:\CODING\JAVA\consumer-service\src\main\java\com\example\consumer_service\config\KafkaConsumerProperties.java. Using fallback presentation compiler.
2026.03.02 23:25:30 INFO  no build target found for D:\CODING\JAVA\consumer-service\src\main\java\com\example\consumer_service\config\KafkaConsumerProperties.java. Using fallback presentation compiler.
2026.03.02 23:25:30 INFO  no build target found for D:\CODING\JAVA\consumer-service\src\main\java\com\example\consumer_service\config\KafkaConsumerProperties.java. Using fallback presentation compiler.
2026.03.02 23:25:30 INFO  no build target found for D:\CODING\JAVA\consumer-service\src\main\java\com\example\consumer_service\config\KafkaConsumerProperties.java. Using fallback presentation compiler.
2026.03.02 23:25:30 INFO  no build target found for D:\CODING\JAVA\consumer-service\src\main\java\com\example\consumer_service\config\KafkaConsumerProperties.java. Using fallback presentation compiler.
2026.03.02 23:25:31 INFO  no build target found for D:\CODING\JAVA\consumer-service\src\main\java\com\example\consumer_service\config\KafkaConsumerProperties.java. Using fallback presentation compiler.
2026.03.02 23:25:32 INFO  no build target found for D:\CODING\JAVA\consumer-service\src\main\java\com\example\consumer_service\config\KafkaConsumerProperties.java. Using fallback presentation compiler.
2026.03.02 23:25:31 INFO  no build target found for D:\CODING\JAVA\consumer-service\src\main\java\com\example\consumer_service\config\KafkaConsumerProperties.java. Using fallback presentation compiler.
2026.03.02 23:25:31 INFO  no build target found for D:\CODING\JAVA\consumer-service\src\main\java\com\example\consumer_service\config\KafkaConsumerProperties.java. Using fallback presentation compiler.
2026.03.02 23:25:31 INFO  no build target found for D:\CODING\JAVA\consumer-service\src\main\java\com\example\consumer_service\config\KafkaConsumerProperties.java. Using fallback presentation compiler.
2026.03.02 23:25:31 INFO  no build target found for D:\CODING\JAVA\consumer-service\src\main\java\com\example\consumer_service\config\KafkaConsumerProperties.java. Using fallback presentation compiler.
2026.03.02 23:25:32 INFO  no build target found for D:\CODING\JAVA\consumer-service\src\main\java\com\example\consumer_service\config\KafkaConsumerProperties.java. Using fallback presentation compiler.
2026.03.02 23:25:32 INFO  no build target found for D:\CODING\JAVA\consumer-service\src\main\java\com\example\consumer_service\config\KafkaConsumerProperties.java. Using fallback presentation compiler.
2026.03.02 23:25:32 INFO  no build target found for D:\CODING\JAVA\consumer-service\src\main\java\com\example\consumer_service\config\KafkaConsumerProperties.java. Using fallback presentation compiler.
2026.03.02 23:25:32 INFO  no build target found for D:\CODING\JAVA\consumer-service\src\main\java\com\example\consumer_service\config\KafkaConsumerProperties.java. Using fallback presentation compiler.
2026.03.02 23:25:32 INFO  no build target found for D:\CODING\JAVA\consumer-service\src\main\java\com\example\consumer_service\config\KafkaConsumerProperties.java. Using fallback presentation compiler.
2026.03.02 23:25:33 INFO  no build target found for D:\CODING\JAVA\consumer-service\src\main\java\com\example\consumer_service\config\KafkaConsumerProperties.java. Using fallback presentation compiler.
2026.03.02 23:25:32 INFO  no build target found for D:\CODING\JAVA\consumer-service\src\main\java\com\example\consumer_service\config\KafkaConsumerProperties.java. Using fallback presentation compiler.
2026.03.02 23:25:32 INFO  no build target found for D:\CODING\JAVA\consumer-service\src\main\java\com\example\consumer_service\config\KafkaConsumerProperties.java. Using fallback presentation compiler.
2026.03.02 23:25:32 INFO  no build target found for D:\CODING\JAVA\consumer-service\src\main\java\com\example\consumer_service\config\KafkaConsumerProperties.java. Using fallback presentation compiler.
2026.03.02 23:25:34 INFO  no build target found for D:\CODING\JAVA\consumer-service\src\main\java\com\example\consumer_service\config\KafkaConsumerProperties.java. Using fallback presentation compiler.
2026.03.02 23:25:34 INFO  no build target found for D:\CODING\JAVA\consumer-service\src\main\java\com\example\consumer_service\config\KafkaConsumerProperties.java. Using fallback presentation compiler.
2026.03.02 23:25:34 INFO  no build target found for D:\CODING\JAVA\consumer-service\src\main\java\com\example\consumer_service\config\KafkaConsumerProperties.java. Using fallback presentation compiler.
2026.03.02 23:25:34 INFO  no build target found for D:\CODING\JAVA\consumer-service\src\main\java\com\example\consumer_service\config\KafkaConsumerProperties.java. Using fallback presentation compiler.
2026.03.02 23:25:34 INFO  no build target found for D:\CODING\JAVA\consumer-service\src\main\java\com\example\consumer_service\config\KafkaConsumerProperties.java. Using fallback presentation compiler.
2026.03.02 23:25:34 INFO  no build target found for D:\CODING\JAVA\consumer-service\src\main\java\com\example\consumer_service\config\KafkaConsumerProperties.java. Using fallback presentation compiler.
2026.03.02 23:25:34 INFO  no build target found for D:\CODING\JAVA\consumer-service\src\main\java\com\example\consumer_service\config\KafkaConsumerProperties.java. Using fallback presentation compiler.
2026.03.02 23:25:34 INFO  no build target found for D:\CODING\JAVA\consumer-service\src\main\java\com\example\consumer_service\config\KafkaConsumerProperties.java. Using fallback presentation compiler.
2026.03.02 23:25:34 INFO  no build target found for D:\CODING\JAVA\consumer-service\src\main\java\com\example\consumer_service\config\KafkaConsumerProperties.java. Using fallback presentation compiler.
2026.03.02 23:25:34 INFO  no build target found for D:\CODING\JAVA\consumer-service\src\main\java\com\example\consumer_service\config\KafkaConsumerProperties.java. Using fallback presentation compiler.
2026.03.02 23:25:35 INFO  no build target found for D:\CODING\JAVA\consumer-service\src\main\java\com\example\consumer_service\config\KafkaConsumerProperties.java. Using fallback presentation compiler.
2026.03.02 23:25:35 INFO  no build target found for D:\CODING\JAVA\consumer-service\src\main\java\com\example\consumer_service\config\KafkaConsumerProperties.java. Using fallback presentation compiler.
2026.03.02 23:25:35 INFO  no build target found for D:\CODING\JAVA\consumer-service\src\main\java\com\example\consumer_service\config\KafkaConsumerProperties.java. Using fallback presentation compiler.
2026.03.02 23:25:35 INFO  no build target found for D:\CODING\JAVA\consumer-service\src\main\java\com\example\consumer_service\config\KafkaConsumerProperties.java. Using fallback presentation compiler.
2026.03.02 23:25:35 INFO  no build target found for D:\CODING\JAVA\consumer-service\src\main\java\com\example\consumer_service\config\KafkaConsumerProperties.java. Using fallback presentation compiler.
2026.03.02 23:25:35 INFO  no build target found for D:\CODING\JAVA\consumer-service\src\main\java\com\example\consumer_service\config\KafkaConsumerProperties.java. Using fallback presentation compiler.
2026.03.02 23:25:35 INFO  no build target found for D:\CODING\JAVA\consumer-service\src\main\java\com\example\consumer_service\config\KafkaConsumerProperties.java. Using fallback presentation compiler.
2026.03.02 23:25:35 INFO  no build target found for D:\CODING\JAVA\consumer-service\src\main\java\com\example\consumer_service\config\KafkaConsumerProperties.java. Using fallback presentation compiler.
2026.03.02 23:25:35 INFO  no build target found for D:\CODING\JAVA\consumer-service\src\main\java\com\example\consumer_service\config\KafkaConsumerProperties.java. Using fallback presentation compiler.
2026.03.02 23:25:35 INFO  no build target found for D:\CODING\JAVA\consumer-service\src\main\java\com\example\consumer_service\config\KafkaConsumerProperties.java. Using fallback presentation compiler.
2026.03.02 23:25:35 INFO  no build target found for D:\CODING\JAVA\consumer-service\src\main\java\com\example\consumer_service\config\KafkaConsumerProperties.java. Using fallback presentation compiler.
2026.03.02 23:25:35 INFO  no build target found for D:\CODING\JAVA\consumer-service\src\main\java\com\example\consumer_service\config\KafkaConsumerProperties.java. Using fallback presentation compiler.
2026.03.02 23:25:35 INFO  no build target found for D:\CODING\JAVA\consumer-service\src\main\java\com\example\consumer_service\config\KafkaConsumerProperties.java. Using fallback presentation compiler.
2026.03.02 23:25:36 INFO  no build target found for D:\CODING\JAVA\consumer-service\src\main\java\com\example\consumer_service\config\KafkaConsumerProperties.java. Using fallback presentation compiler.
2026.03.02 23:25:36 INFO  no build target found for D:\CODING\JAVA\consumer-service\src\main\java\com\example\consumer_service\config\KafkaConsumerProperties.java. Using fallback presentation compiler.
2026.03.02 23:25:36 INFO  no build target found for D:\CODING\JAVA\consumer-service\src\main\java\com\example\consumer_service\config\KafkaConsumerProperties.java. Using fallback presentation compiler.
2026.03.02 23:25:36 INFO  no build target found for D:\CODING\JAVA\consumer-service\src\main\java\com\example\consumer_service\config\KafkaConsumerProperties.java. Using fallback presentation compiler.
2026.03.02 23:25:37 INFO  no build target found for D:\CODING\JAVA\consumer-service\src\main\java\com\example\consumer_service\config\KafkaConsumerProperties.java. Using fallback presentation compiler.
2026.03.02 23:25:37 WARN  no build target for: D:\CODING\JAVA\consumer-service\src\main\java\com\example\consumer_service\config\KafkaConsumerProperties.java
2026.03.02 23:25:37 INFO  no build target found for D:\CODING\JAVA\consumer-service\src\main\java\com\example\consumer_service\config\KafkaConsumerProperties.java. Using fallback presentation compiler.
2026.03.02 23:25:41 INFO  no build target found for D:\CODING\JAVA\consumer-service\src\main\java\com\example\consumer_service\config\KafkaConsumerProperties.java. Using fallback presentation compiler.
2026.03.02 23:25:41 INFO  no build target found for D:\CODING\JAVA\consumer-service\src\main\java\com\example\consumer_service\config\KafkaConsumerProperties.java. Using fallback presentation compiler.
2026.03.02 23:25:41 INFO  no build target found for D:\CODING\JAVA\consumer-service\src\main\java\com\example\consumer_service\config\KafkaConsumerProperties.java. Using fallback presentation compiler.
2026.03.02 23:25:41 INFO  no build target found for D:\CODING\JAVA\consumer-service\src\main\java\com\example\consumer_service\config\KafkaConsumerProperties.java. Using fallback presentation compiler.
2026.03.02 23:25:42 INFO  no build target found for D:\CODING\JAVA\consumer-service\src\main\java\com\example\consumer_service\config\KafkaConsumerProperties.java. Using fallback presentation compiler.
2026.03.02 23:25:41 INFO  no build target found for D:\CODING\JAVA\consumer-service\src\main\java\com\example\consumer_service\config\KafkaConsumerProperties.java. Using fallback presentation compiler.
2026.03.02 23:25:41 INFO  no build target found for D:\CODING\JAVA\consumer-service\src\main\java\com\example\consumer_service\config\KafkaConsumerProperties.java. Using fallback presentation compiler.
2026.03.02 23:25:42 INFO  no build target found for D:\CODING\JAVA\consumer-service\src\main\java\com\example\consumer_service\config\KafkaConsumerProperties.java. Using fallback presentation compiler.
2026.03.02 23:25:41 INFO  no build target found for D:\CODING\JAVA\consumer-service\src\main\java\com\example\consumer_service\config\KafkaConsumerProperties.java. Using fallback presentation compiler.
2026.03.02 23:25:41 INFO  no build target found for D:\CODING\JAVA\consumer-service\src\main\java\com\example\consumer_service\config\KafkaConsumerProperties.java. Using fallback presentation compiler.
2026.03.02 23:25:42 INFO  no build target found for D:\CODING\JAVA\consumer-service\src\main\java\com\example\consumer_service\config\KafkaConsumerProperties.java. Using fallback presentation compiler.
2026.03.02 23:25:42 INFO  no build target found for D:\CODING\JAVA\consumer-service\src\main\java\com\example\consumer_service\config\KafkaConsumerProperties.java. Using fallback presentation compiler.
2026.03.02 23:25:42 INFO  no build target found for D:\CODING\JAVA\consumer-service\src\main\java\com\example\consumer_service\config\KafkaConsumerProperties.java. Using fallback presentation compiler.
2026.03.02 23:25:42 INFO  no build target found for D:\CODING\JAVA\consumer-service\src\main\java\com\example\consumer_service\config\KafkaConsumerProperties.java. Using fallback presentation compiler.
2026.03.02 23:25:42 INFO  no build target found for D:\CODING\JAVA\consumer-service\src\main\java\com\example\consumer_service\config\KafkaConsumerProperties.java. Using fallback presentation compiler.
2026.03.02 23:25:43 INFO  no build target found for D:\CODING\JAVA\consumer-service\src\main\java\com\example\consumer_service\config\KafkaConsumerProperties.java. Using fallback presentation compiler.
2026.03.02 23:25:42 INFO  no build target found for D:\CODING\JAVA\consumer-service\src\main\java\com\example\consumer_service\config\KafkaConsumerProperties.java. Using fallback presentation compiler.
2026.03.02 23:25:42 INFO  no build target found for D:\CODING\JAVA\consumer-service\src\main\java\com\example\consumer_service\config\KafkaConsumerProperties.java. Using fallback presentation compiler.
2026.03.02 23:25:42 INFO  no build target found for D:\CODING\JAVA\consumer-service\src\main\java\com\example\consumer_service\config\KafkaConsumerProperties.java. Using fallback presentation compiler.
2026.03.02 23:25:43 INFO  no build target found for D:\CODING\JAVA\consumer-service\src\main\java\com\example\consumer_service\config\KafkaConsumerProperties.java. Using fallback presentation compiler.
2026.03.02 23:25:42 INFO  no build target found for D:\CODING\JAVA\consumer-service\src\main\java\com\example\consumer_service\config\KafkaConsumerProperties.java. Using fallback presentation compiler.
2026.03.02 23:25:44 INFO  no build target found for D:\CODING\JAVA\consumer-service\src\main\java\com\example\consumer_service\config\KafkaConsumerProperties.java. Using fallback presentation compiler.
2026.03.02 23:25:44 INFO  no build target found for D:\CODING\JAVA\consumer-service\src\main\java\com\example\consumer_service\config\KafkaConsumerProperties.java. Using fallback presentation compiler.
2026.03.02 23:25:44 INFO  no build target found for D:\CODING\JAVA\consumer-service\src\main\java\com\example\consumer_service\config\KafkaConsumerProperties.java. Using fallback presentation compiler.
2026.03.02 23:25:44 INFO  no build target found for D:\CODING\JAVA\consumer-service\src\main\java\com\example\consumer_service\config\KafkaConsumerProperties.java. Using fallback presentation compiler.
2026.03.02 23:25:44 INFO  no build target found for D:\CODING\JAVA\consumer-service\src\main\java\com\example\consumer_service\config\KafkaConsumerProperties.java. Using fallback presentation compiler.
2026.03.02 23:25:44 INFO  no build target found for D:\CODING\JAVA\consumer-service\src\main\java\com\example\consumer_service\config\KafkaConsumerProperties.java. Using fallback presentation compiler.
2026.03.02 23:25:44 INFO  no build target found for D:\CODING\JAVA\consumer-service\src\main\java\com\example\consumer_service\config\KafkaConsumerProperties.java. Using fallback presentation compiler.
2026.03.02 23:25:44 INFO  no build target found for D:\CODING\JAVA\consumer-service\src\main\java\com\example\consumer_service\config\KafkaConsumerProperties.java. Using fallback presentation compiler.
2026.03.02 23:25:44 INFO  no build target found for D:\CODING\JAVA\consumer-service\src\main\java\com\example\consumer_service\config\KafkaConsumerProperties.java. Using fallback presentation compiler.
2026.03.02 23:25:45 INFO  no build target found for D:\CODING\JAVA\consumer-service\src\main\java\com\example\consumer_service\config\KafkaConsumerProperties.java. Using fallback presentation compiler.
2026.03.02 23:25:45 INFO  no build target found for D:\CODING\JAVA\consumer-service\src\main\java\com\example\consumer_service\config\KafkaConsumerProperties.java. Using fallback presentation compiler.
2026.03.02 23:25:45 INFO  no build target found for D:\CODING\JAVA\consumer-service\src\main\java\com\example\consumer_service\config\KafkaConsumerProperties.java. Using fallback presentation compiler.
2026.03.02 23:25:45 INFO  no build target found for D:\CODING\JAVA\consumer-service\src\main\java\com\example\consumer_service\config\KafkaConsumerProperties.java. Using fallback presentation compiler.
2026.03.02 23:25:45 INFO  no build target found for D:\CODING\JAVA\consumer-service\src\main\java\com\example\consumer_service\config\KafkaConsumerProperties.java. Using fallback presentation compiler.
2026.03.02 23:25:45 INFO  no build target found for D:\CODING\JAVA\consumer-service\src\main\java\com\example\consumer_service\config\KafkaConsumerProperties.java. Using fallback presentation compiler.
2026.03.02 23:25:45 INFO  no build target found for D:\CODING\JAVA\consumer-service\src\main\java\com\example\consumer_service\config\KafkaConsumerProperties.java. Using fallback presentation compiler.
2026.03.02 23:25:45 INFO  no build target found for D:\CODING\JAVA\consumer-service\src\main\java\com\example\consumer_service\config\KafkaConsumerProperties.java. Using fallback presentation compiler.
2026.03.02 23:25:45 INFO  no build target found for D:\CODING\JAVA\consumer-service\src\main\java\com\example\consumer_service\config\KafkaConsumerProperties.java. Using fallback presentation compiler.
2026.03.02 23:25:49 INFO  no build target found for D:\CODING\JAVA\consumer-service\src\main\java\com\example\consumer_service\config\KafkaConsumerProperties.java. Using fallback presentation compiler.
2026.03.02 23:25:49 INFO  no build target found for D:\CODING\JAVA\consumer-service\src\main\java\com\example\consumer_service\config\KafkaConsumerProperties.java. Using fallback presentation compiler.
2026.03.02 23:25:49 INFO  no build target found for D:\CODING\JAVA\consumer-service\src\main\java\com\example\consumer_service\config\KafkaConsumerProperties.java. Using fallback presentation compiler.
2026.03.02 23:25:49 INFO  no build target found for D:\CODING\JAVA\consumer-service\src\main\java\com\example\consumer_service\config\KafkaConsumerProperties.java. Using fallback presentation compiler.
2026.03.02 23:25:49 INFO  no build target found for D:\CODING\JAVA\consumer-service\src\main\java\com\example\consumer_service\config\KafkaConsumerProperties.java. Using fallback presentation compiler.
2026.03.02 23:25:49 INFO  no build target found for D:\CODING\JAVA\consumer-service\src\main\java\com\example\consumer_service\config\KafkaConsumerProperties.java. Using fallback presentation compiler.
2026.03.02 23:25:49 INFO  no build target found for D:\CODING\JAVA\consumer-service\src\main\java\com\example\consumer_service\config\KafkaConsumerProperties.java. Using fallback presentation compiler.
2026.03.02 23:25:49 INFO  no build target found for D:\CODING\JAVA\consumer-service\src\main\java\com\example\consumer_service\config\KafkaConsumerProperties.java. Using fallback presentation compiler.
2026.03.02 23:25:50 INFO  no build target found for D:\CODING\JAVA\consumer-service\src\main\java\com\example\consumer_service\config\KafkaConsumerProperties.java. Using fallback presentation compiler.
2026.03.02 23:25:49 INFO  no build target found for D:\CODING\JAVA\consumer-service\src\main\java\com\example\consumer_service\config\KafkaConsumerProperties.java. Using fallback presentation compiler.
2026.03.02 23:25:50 INFO  no build target found for D:\CODING\JAVA\consumer-service\src\main\java\com\example\consumer_service\config\KafkaConsumerProperties.java. Using fallback presentation compiler.
2026.03.02 23:25:50 INFO  no build target found for D:\CODING\JAVA\consumer-service\src\main\java\com\example\consumer_service\config\KafkaConsumerProperties.java. Using fallback presentation compiler.
2026.03.02 23:25:51 WARN  no build target for: D:\CODING\JAVA\consumer-service\src\main\java\com\example\consumer_service\config\KafkaConsumerProperties.java
2026.03.02 23:25:51 INFO  no build target found for D:\CODING\JAVA\consumer-service\src\main\java\com\example\consumer_service\config\KafkaConsumerProperties.java. Using fallback presentation compiler.
2026.03.02 23:25:53 INFO  no build target found for D:\CODING\JAVA\consumer-service\src\main\java\com\example\consumer_service\config\KafkaConsumerProperties.java. Using fallback presentation compiler.
2026.03.02 23:25:53 INFO  no build target found for D:\CODING\JAVA\consumer-service\src\main\java\com\example\consumer_service\config\KafkaConsumerProperties.java. Using fallback presentation compiler.
2026.03.02 23:25:53 INFO  no build target found for D:\CODING\JAVA\consumer-service\src\main\java\com\example\consumer_service\config\KafkaConsumerProperties.java. Using fallback presentation compiler.
2026.03.02 23:25:53 INFO  no build target found for D:\CODING\JAVA\consumer-service\src\main\java\com\example\consumer_service\config\KafkaConsumerProperties.java. Using fallback presentation compiler.
2026.03.02 23:25:53 INFO  no build target found for D:\CODING\JAVA\consumer-service\src\main\java\com\example\consumer_service\config\KafkaConsumerProperties.java. Using fallback presentation compiler.
2026.03.02 23:25:53 INFO  no build target found for D:\CODING\JAVA\consumer-service\src\main\java\com\example\consumer_service\config\KafkaConsumerProperties.java. Using fallback presentation compiler.
2026.03.02 23:25:53 INFO  no build target found for D:\CODING\JAVA\consumer-service\src\main\java\com\example\consumer_service\config\KafkaConsumerProperties.java. Using fallback presentation compiler.
2026.03.02 23:25:53 INFO  no build target found for D:\CODING\JAVA\consumer-service\src\main\java\com\example\consumer_service\config\KafkaConsumerProperties.java. Using fallback presentation compiler.
2026.03.02 23:25:53 INFO  no build target found for D:\CODING\JAVA\consumer-service\src\main\java\com\example\consumer_service\config\KafkaConsumerProperties.java. Using fallback presentation compiler.
2026.03.02 23:25:53 INFO  no build target found for D:\CODING\JAVA\consumer-service\src\main\java\com\example\consumer_service\config\KafkaConsumerProperties.java. Using fallback presentation compiler.
2026.03.02 23:25:54 INFO  no build target found for D:\CODING\JAVA\consumer-service\src\main\java\com\example\consumer_service\config\KafkaConsumerProperties.java. Using fallback presentation compiler.
2026.03.02 23:25:54 INFO  no build target found for D:\CODING\JAVA\consumer-service\src\main\java\com\example\consumer_service\config\KafkaConsumerProperties.java. Using fallback presentation compiler.
2026.03.02 23:25:54 INFO  no build target found for D:\CODING\JAVA\consumer-service\src\main\java\com\example\consumer_service\config\KafkaConsumerProperties.java. Using fallback presentation compiler.
2026.03.02 23:25:54 INFO  no build target found for D:\CODING\JAVA\consumer-service\src\main\java\com\example\consumer_service\config\KafkaConsumerProperties.java. Using fallback presentation compiler.
2026.03.02 23:25:54 INFO  no build target found for D:\CODING\JAVA\consumer-service\src\main\java\com\example\consumer_service\config\KafkaConsumerProperties.java. Using fallback presentation compiler.
2026.03.02 23:25:54 INFO  no build target found for D:\CODING\JAVA\consumer-service\src\main\java\com\example\consumer_service\config\KafkaConsumerProperties.java. Using fallback presentation compiler.
2026.03.02 23:25:54 INFO  no build target found for D:\CODING\JAVA\consumer-service\src\main\java\com\example\consumer_service\config\KafkaConsumerProperties.java. Using fallback presentation compiler.
2026.03.02 23:25:55 INFO  no build target found for D:\CODING\JAVA\consumer-service\src\main\java\com\example\consumer_service\config\KafkaConsumerProperties.java. Using fallback presentation compiler.
2026.03.02 23:25:55 INFO  no build target found for D:\CODING\JAVA\consumer-service\src\main\java\com\example\consumer_service\config\KafkaConsumerProperties.java. Using fallback presentation compiler.
2026.03.02 23:25:55 INFO  no build target found for D:\CODING\JAVA\consumer-service\src\main\java\com\example\consumer_service\config\KafkaConsumerProperties.java. Using fallback presentation compiler.
2026.03.02 23:25:55 INFO  no build target found for D:\CODING\JAVA\consumer-service\src\main\java\com\example\consumer_service\config\KafkaConsumerProperties.java. Using fallback presentation compiler.
2026.03.02 23:25:55 INFO  no build target found for D:\CODING\JAVA\consumer-service\src\main\java\com\example\consumer_service\config\KafkaConsumerProperties.java. Using fallback presentation compiler.
2026.03.02 23:25:55 INFO  no build target found for D:\CODING\JAVA\consumer-service\src\main\java\com\example\consumer_service\config\KafkaConsumerProperties.java. Using fallback presentation compiler.
2026.03.02 23:25:55 INFO  no build target found for D:\CODING\JAVA\consumer-service\src\main\java\com\example\consumer_service\config\KafkaConsumerProperties.java. Using fallback presentation compiler.
2026.03.02 23:25:56 WARN  no build target for: D:\CODING\JAVA\consumer-service\src\main\java\com\example\consumer_service\config\KafkaConsumerProperties.java
2026.03.02 23:25:55 INFO  no build target found for D:\CODING\JAVA\consumer-service\src\main\java\com\example\consumer_service\config\KafkaConsumerProperties.java. Using fallback presentation compiler.
2026.03.02 23:26:00 INFO  no build target found for D:\CODING\JAVA\consumer-service\src\main\java\com\example\consumer_service\config\KafkaConsumerProperties.java. Using fallback presentation compiler.
2026.03.02 23:26:01 INFO  no build target found for D:\CODING\JAVA\consumer-service\src\main\java\com\example\consumer_service\config\KafkaConsumerProperties.java. Using fallback presentation compiler.
2026.03.02 23:26:01 INFO  no build target found for D:\CODING\JAVA\consumer-service\src\main\java\com\example\consumer_service\config\KafkaConsumerProperties.java. Using fallback presentation compiler.
2026.03.02 23:26:01 INFO  no build target found for D:\CODING\JAVA\consumer-service\src\main\java\com\example\consumer_service\config\KafkaConsumerProperties.java. Using fallback presentation compiler.
2026.03.02 23:26:02 INFO  no build target found for D:\CODING\JAVA\consumer-service\src\main\java\com\example\consumer_service\config\KafkaConsumerProperties.java. Using fallback presentation compiler.
2026.03.02 23:26:03 INFO  no build target found for D:\CODING\JAVA\consumer-service\src\main\java\com\example\consumer_service\config\KafkaConsumerProperties.java. Using fallback presentation compiler.
2026.03.02 23:26:03 INFO  no build target found for D:\CODING\JAVA\consumer-service\src\main\java\com\example\consumer_service\config\KafkaConsumerProperties.java. Using fallback presentation compiler.
2026.03.02 23:26:03 INFO  no build target found for D:\CODING\JAVA\consumer-service\src\main\java\com\example\consumer_service\config\KafkaConsumerProperties.java. Using fallback presentation compiler.
2026.03.02 23:26:03 INFO  no build target found for D:\CODING\JAVA\consumer-service\src\main\java\com\example\consumer_service\config\KafkaConsumerProperties.java. Using fallback presentation compiler.
2026.03.02 23:26:03 INFO  no build target found for D:\CODING\JAVA\consumer-service\src\main\java\com\example\consumer_service\config\KafkaConsumerProperties.java. Using fallback presentation compiler.
2026.03.02 23:26:04 INFO  no build target found for D:\CODING\JAVA\consumer-service\src\main\java\com\example\consumer_service\config\KafkaConsumerProperties.java. Using fallback presentation compiler.
2026.03.02 23:26:04 INFO  no build target found for D:\CODING\JAVA\consumer-service\src\main\java\com\example\consumer_service\config\KafkaConsumerProperties.java. Using fallback presentation compiler.
2026.03.02 23:26:04 INFO  no build target found for D:\CODING\JAVA\consumer-service\src\main\java\com\example\consumer_service\config\KafkaConsumerProperties.java. Using fallback presentation compiler.
2026.03.02 23:26:04 INFO  no build target found for D:\CODING\JAVA\consumer-service\src\main\java\com\example\consumer_service\config\KafkaConsumerProperties.java. Using fallback presentation compiler.
2026.03.02 23:26:05 INFO  no build target found for D:\CODING\JAVA\consumer-service\src\main\java\com\example\consumer_service\config\KafkaConsumerProperties.java. Using fallback presentation compiler.
2026.03.02 23:26:05 INFO  no build target found for D:\CODING\JAVA\consumer-service\src\main\java\com\example\consumer_service\config\KafkaConsumerProperties.java. Using fallback presentation compiler.
2026.03.02 23:26:05 INFO  no build target found for D:\CODING\JAVA\consumer-service\src\main\java\com\example\consumer_service\config\KafkaConsumerProperties.java. Using fallback presentation compiler.
2026.03.02 23:26:05 INFO  no build target found for D:\CODING\JAVA\consumer-service\src\main\java\com\example\consumer_service\config\KafkaConsumerProperties.java. Using fallback presentation compiler.
2026.03.02 23:26:05 INFO  no build target found for D:\CODING\JAVA\consumer-service\src\main\java\com\example\consumer_service\config\KafkaConsumerProperties.java. Using fallback presentation compiler.
2026.03.02 23:26:06 INFO  no build target found for D:\CODING\JAVA\consumer-service\src\main\java\com\example\consumer_service\config\KafkaConsumerProperties.java. Using fallback presentation compiler.
2026.03.02 23:26:06 INFO  no build target found for D:\CODING\JAVA\consumer-service\src\main\java\com\example\consumer_service\config\KafkaConsumerProperties.java. Using fallback presentation compiler.
2026.03.02 23:26:06 INFO  no build target found for D:\CODING\JAVA\consumer-service\src\main\java\com\example\consumer_service\config\KafkaConsumerProperties.java. Using fallback presentation compiler.
2026.03.02 23:26:06 INFO  no build target found for D:\CODING\JAVA\consumer-service\src\main\java\com\example\consumer_service\config\KafkaConsumerProperties.java. Using fallback presentation compiler.
2026.03.02 23:26:06 INFO  no build target found for D:\CODING\JAVA\consumer-service\src\main\java\com\example\consumer_service\config\KafkaConsumerProperties.java. Using fallback presentation compiler.
2026.03.02 23:26:07 INFO  no build target found for D:\CODING\JAVA\consumer-service\src\main\java\com\example\consumer_service\config\KafkaConsumerProperties.java. Using fallback presentation compiler.
2026.03.02 23:26:07 INFO  no build target found for D:\CODING\JAVA\consumer-service\src\main\java\com\example\consumer_service\config\KafkaConsumerProperties.java. Using fallback presentation compiler.
2026.03.02 23:26:07 INFO  no build target found for D:\CODING\JAVA\consumer-service\src\main\java\com\example\consumer_service\config\KafkaConsumerProperties.java. Using fallback presentation compiler.
2026.03.02 23:26:07 INFO  no build target found for D:\CODING\JAVA\consumer-service\src\main\java\com\example\consumer_service\config\KafkaConsumerProperties.java. Using fallback presentation compiler.
2026.03.02 23:26:07 INFO  no build target found for D:\CODING\JAVA\consumer-service\src\main\java\com\example\consumer_service\config\KafkaConsumerProperties.java. Using fallback presentation compiler.
2026.03.02 23:26:08 INFO  no build target found for D:\CODING\JAVA\consumer-service\src\main\java\com\example\consumer_service\config\KafkaConsumerProperties.java. Using fallback presentation compiler.
2026.03.02 23:26:08 INFO  no build target found for D:\CODING\JAVA\consumer-service\src\main\java\com\example\consumer_service\config\KafkaConsumerProperties.java. Using fallback presentation compiler.
2026.03.02 23:26:08 INFO  no build target found for D:\CODING\JAVA\consumer-service\src\main\java\com\example\consumer_service\config\KafkaConsumerProperties.java. Using fallback presentation compiler.
2026.03.02 23:26:08 INFO  no build target found for D:\CODING\JAVA\consumer-service\src\main\java\com\example\consumer_service\config\KafkaConsumerProperties.java. Using fallback presentation compiler.
2026.03.02 23:26:08 INFO  no build target found for D:\CODING\JAVA\consumer-service\src\main\java\com\example\consumer_service\config\KafkaConsumerProperties.java. Using fallback presentation compiler.
2026.03.02 23:26:15 INFO  no build target found for D:\CODING\JAVA\consumer-service\src\main\java\com\example\consumer_service\config\KafkaConsumerProperties.java. Using fallback presentation compiler.
2026.03.02 23:26:17 WARN  no build target for: D:\CODING\JAVA\consumer-service\src\main\java\com\example\consumer_service\config\KafkaConsumerProperties.java
2026.03.02 23:26:17 INFO  no build target found for D:\CODING\JAVA\consumer-service\src\main\java\com\example\consumer_service\config\KafkaConsumerProperties.java. Using fallback presentation compiler.
2026.03.02 23:26:18 INFO  no build target found for D:\CODING\JAVA\consumer-service\src\main\java\com\example\consumer_service\config\KafkaConsumerService.java. Using fallback presentation compiler.
2026.03.02 23:26:18 INFO  no build target found for D:\CODING\JAVA\consumer-service\src\main\java\com\example\consumer_service\config\KafkaConsumerService.java. Using fallback presentation compiler.
2026.03.02 23:26:20 INFO  no build target found for D:\CODING\JAVA\consumer-service\src\main\java\com\example\consumer_service\config\KafkaConsumerService.java. Using fallback presentation compiler.
2026.03.02 23:26:20 INFO  no build target found for D:\CODING\JAVA\consumer-service\src\main\java\com\example\consumer_service\config\KafkaConsumerService.java. Using fallback presentation compiler.
2026.03.02 23:26:20 INFO  no build target found for D:\CODING\JAVA\consumer-service\src\main\java\com\example\consumer_service\config\KafkaConsumerService.java. Using fallback presentation compiler.
2026.03.02 23:26:21 INFO  no build target found for D:\CODING\JAVA\consumer-service\src\main\java\com\example\consumer_service\config\KafkaConsumerService.java. Using fallback presentation compiler.
2026.03.02 23:26:20 INFO  no build target found for D:\CODING\JAVA\consumer-service\src\main\java\com\example\consumer_service\config\KafkaConsumerService.java. Using fallback presentation compiler.
2026.03.02 23:26:20 INFO  no build target found for D:\CODING\JAVA\consumer-service\src\main\java\com\example\consumer_service\config\KafkaConsumerService.java. Using fallback presentation compiler.
2026.03.02 23:26:21 INFO  no build target found for D:\CODING\JAVA\consumer-service\src\main\java\com\example\consumer_service\config\KafkaConsumerService.java. Using fallback presentation compiler.
2026.03.02 23:26:20 INFO  no build target found for D:\CODING\JAVA\consumer-service\src\main\java\com\example\consumer_service\config\KafkaConsumerService.java. Using fallback presentation compiler.
2026.03.02 23:26:21 INFO  no build target found for D:\CODING\JAVA\consumer-service\src\main\java\com\example\consumer_service\config\KafkaConsumerService.java. Using fallback presentation compiler.
2026.03.02 23:26:21 INFO  no build target found for D:\CODING\JAVA\consumer-service\src\main\java\com\example\consumer_service\config\KafkaConsumerService.java. Using fallback presentation compiler.
2026.03.02 23:26:21 INFO  no build target found for D:\CODING\JAVA\consumer-service\src\main\java\com\example\consumer_service\config\KafkaConsumerService.java. Using fallback presentation compiler.
2026.03.02 23:26:21 INFO  no build target found for D:\CODING\JAVA\consumer-service\src\main\java\com\example\consumer_service\config\KafkaConsumerService.java. Using fallback presentation compiler.
2026.03.02 23:26:21 INFO  no build target found for D:\CODING\JAVA\consumer-service\src\main\java\com\example\consumer_service\config\KafkaConsumerService.java. Using fallback presentation compiler.
2026.03.02 23:26:22 INFO  no build target found for D:\CODING\JAVA\consumer-service\src\main\java\com\example\consumer_service\config\KafkaConsumerService.java. Using fallback presentation compiler.
2026.03.02 23:26:23 INFO  no build target found for D:\CODING\JAVA\consumer-service\src\main\java\com\example\consumer_service\config\KafkaConsumerService.java. Using fallback presentation compiler.
2026.03.02 23:26:22 INFO  no build target found for D:\CODING\JAVA\consumer-service\src\main\java\com\example\consumer_service\config\KafkaConsumerService.java. Using fallback presentation compiler.
2026.03.02 23:26:22 INFO  no build target found for D:\CODING\JAVA\consumer-service\src\main\java\com\example\consumer_service\config\KafkaConsumerService.java. Using fallback presentation compiler.
2026.03.02 23:26:22 INFO  no build target found for D:\CODING\JAVA\consumer-service\src\main\java\com\example\consumer_service\config\KafkaConsumerService.java. Using fallback presentation compiler.
2026.03.02 23:26:23 INFO  no build target found for D:\CODING\JAVA\consumer-service\src\main\java\com\example\consumer_service\config\KafkaConsumerService.java. Using fallback presentation compiler.
2026.03.02 23:26:22 INFO  no build target found for D:\CODING\JAVA\consumer-service\src\main\java\com\example\consumer_service\config\KafkaConsumerService.java. Using fallback presentation compiler.
2026.03.02 23:26:24 INFO  no build target found for D:\CODING\JAVA\consumer-service\src\main\java\com\example\consumer_service\config\KafkaConsumerService.java. Using fallback presentation compiler.
2026.03.02 23:26:23 INFO  no build target found for D:\CODING\JAVA\consumer-service\src\main\java\com\example\consumer_service\config\KafkaConsumerService.java. Using fallback presentation compiler.
2026.03.02 23:26:24 INFO  no build target found for D:\CODING\JAVA\consumer-service\src\main\java\com\example\consumer_service\config\KafkaConsumerService.java. Using fallback presentation compiler.
2026.03.02 23:26:24 INFO  no build target found for D:\CODING\JAVA\consumer-service\src\main\java\com\example\consumer_service\config\KafkaConsumerService.java. Using fallback presentation compiler.
2026.03.02 23:26:24 INFO  no build target found for D:\CODING\JAVA\consumer-service\src\main\java\com\example\consumer_service\config\KafkaConsumerService.java. Using fallback presentation compiler.
2026.03.02 23:26:24 INFO  no build target found for D:\CODING\JAVA\consumer-service\src\main\java\com\example\consumer_service\config\KafkaConsumerService.java. Using fallback presentation compiler.
2026.03.02 23:26:25 INFO  no build target found for D:\CODING\JAVA\consumer-service\src\main\java\com\example\consumer_service\config\KafkaConsumerService.java. Using fallback presentation compiler.
2026.03.02 23:26:25 INFO  no build target found for D:\CODING\JAVA\consumer-service\src\main\java\com\example\consumer_service\config\KafkaConsumerService.java. Using fallback presentation compiler.
2026.03.02 23:26:25 INFO  no build target found for D:\CODING\JAVA\consumer-service\src\main\java\com\example\consumer_service\config\KafkaConsumerService.java. Using fallback presentation compiler.
2026.03.02 23:26:25 INFO  no build target found for D:\CODING\JAVA\consumer-service\src\main\java\com\example\consumer_service\config\KafkaConsumerService.java. Using fallback presentation compiler.
Mar 02, 2026 11:26:25 PM org.eclipse.lsp4j.jsonrpc.RemoteEndpoint handleCancellation
WARNING: Unmatched cancel notification for request id 1021
2026.03.02 23:26:25 INFO  no build target found for D:\CODING\JAVA\consumer-service\src\main\java\com\example\consumer_service\config\KafkaConsumerService.java. Using fallback presentation compiler.
2026.03.02 23:26:25 INFO  no build target found for D:\CODING\JAVA\consumer-service\src\main\java\com\example\consumer_service\config\KafkaConsumerService.java. Using fallback presentation compiler.
2026.03.02 23:26:25 INFO  no build target found for D:\CODING\JAVA\consumer-service\src\main\java\com\example\consumer_service\config\KafkaConsumerService.java. Using fallback presentation compiler.
2026.03.02 23:26:26 INFO  no build target found for D:\CODING\JAVA\consumer-service\src\main\java\com\example\consumer_service\config\KafkaConsumerService.java. Using fallback presentation compiler.
2026.03.02 23:26:27 INFO  no build target found for D:\CODING\JAVA\consumer-service\src\main\java\com\example\consumer_service\config\KafkaConsumerService.java. Using fallback presentation compiler.
2026.03.02 23:26:27 INFO  no build target found for D:\CODING\JAVA\consumer-service\src\main\java\com\example\consumer_service\config\KafkaConsumerService.java. Using fallback presentation compiler.
2026.03.02 23:26:27 INFO  no build target found for D:\CODING\JAVA\consumer-service\src\main\java\com\example\consumer_service\config\KafkaConsumerService.java. Using fallback presentation compiler.
2026.03.02 23:26:27 INFO  no build target found for D:\CODING\JAVA\consumer-service\src\main\java\com\example\consumer_service\config\KafkaConsumerService.java. Using fallback presentation compiler.
2026.03.02 23:26:27 INFO  no build target found for D:\CODING\JAVA\consumer-service\src\main\java\com\example\consumer_service\config\KafkaConsumerService.java. Using fallback presentation compiler.
2026.03.02 23:26:28 INFO  no build target found for D:\CODING\JAVA\consumer-service\src\main\java\com\example\consumer_service\config\KafkaConsumerService.java. Using fallback presentation compiler.
2026.03.02 23:26:28 INFO  no build target found for D:\CODING\JAVA\consumer-service\src\main\java\com\example\consumer_service\config\KafkaConsumerService.java. Using fallback presentation compiler.
2026.03.02 23:26:28 INFO  no build target found for D:\CODING\JAVA\consumer-service\src\main\java\com\example\consumer_service\config\KafkaConsumerService.java. Using fallback presentation compiler.
2026.03.02 23:26:29 WARN  no build target for: D:\CODING\JAVA\consumer-service\src\main\java\com\example\consumer_service\config\KafkaConsumerService.java
2026.03.02 23:26:29 INFO  no build target found for D:\CODING\JAVA\consumer-service\src\main\java\com\example\consumer_service\config\KafkaConsumerService.java. Using fallback presentation compiler.
2026.03.02 23:26:44 INFO  no build target found for D:\CODING\JAVA\consumer-service\src\main\java\com\example\consumer_service\config\KafkaConsumerService.java. Using fallback presentation compiler.
2026.03.02 23:26:44 INFO  no build target found for D:\CODING\JAVA\consumer-service\src\main\java\com\example\consumer_service\config\KafkaConsumerService.java. Using fallback presentation compiler.
2026.03.02 23:26:44 INFO  no build target found for D:\CODING\JAVA\consumer-service\src\main\java\com\example\consumer_service\config\KafkaConsumerService.java. Using fallback presentation compiler.
2026.03.02 23:26:45 INFO  no build target found for D:\CODING\JAVA\consumer-service\src\main\java\com\example\consumer_service\config\KafkaConsumerService.java. Using fallback presentation compiler.
2026.03.02 23:26:44 INFO  no build target found for D:\CODING\JAVA\consumer-service\src\main\java\com\example\consumer_service\config\KafkaConsumerService.java. Using fallback presentation compiler.
2026.03.02 23:26:44 INFO  no build target found for D:\CODING\JAVA\consumer-service\src\main\java\com\example\consumer_service\config\KafkaConsumerService.java. Using fallback presentation compiler.
2026.03.02 23:26:45 INFO  no build target found for D:\CODING\JAVA\consumer-service\src\main\java\com\example\consumer_service\config\KafkaConsumerService.java. Using fallback presentation compiler.
2026.03.02 23:26:44 INFO  no build target found for D:\CODING\JAVA\consumer-service\src\main\java\com\example\consumer_service\config\KafkaConsumerService.java. Using fallback presentation compiler.
2026.03.02 23:26:44 INFO  no build target found for D:\CODING\JAVA\consumer-service\src\main\java\com\example\consumer_service\config\KafkaConsumerService.java. Using fallback presentation compiler.
2026.03.02 23:26:44 INFO  no build target found for D:\CODING\JAVA\consumer-service\src\main\java\com\example\consumer_service\config\KafkaConsumerService.java. Using fallback presentation compiler.
2026.03.02 23:26:45 INFO  no build target found for D:\CODING\JAVA\consumer-service\src\main\java\com\example\consumer_service\config\KafkaConsumerService.java. Using fallback presentation compiler.
2026.03.02 23:26:46 INFO  no build target found for D:\CODING\JAVA\consumer-service\src\main\java\com\example\consumer_service\config\KafkaConsumerService.java. Using fallback presentation compiler.
2026.03.02 23:26:46 INFO  no build target found for D:\CODING\JAVA\consumer-service\src\main\java\com\example\consumer_service\config\KafkaConsumerService.java. Using fallback presentation compiler.
2026.03.02 23:26:47 INFO  no build target found for D:\CODING\JAVA\consumer-service\src\main\java\com\example\consumer_service\config\KafkaConsumerService.java. Using fallback presentation compiler.
2026.03.02 23:26:46 INFO  no build target found for D:\CODING\JAVA\consumer-service\src\main\java\com\example\consumer_service\config\KafkaConsumerService.java. Using fallback presentation compiler.
2026.03.02 23:26:47 INFO  no build target found for D:\CODING\JAVA\consumer-service\src\main\java\com\example\consumer_service\config\KafkaConsumerService.java. Using fallback presentation compiler.
2026.03.02 23:26:48 INFO  no build target found for D:\CODING\JAVA\consumer-service\src\main\java\com\example\consumer_service\config\KafkaConsumerService.java. Using fallback presentation compiler.
2026.03.02 23:26:48 WARN  no build target for: D:\CODING\JAVA\consumer-service\src\main\java\com\example\consumer_service\config\KafkaConsumerService.java
2026.03.02 23:26:48 INFO  no build target found for D:\CODING\JAVA\consumer-service\src\main\java\com\example\consumer_service\config\KafkaConsumerService.java. Using fallback presentation compiler.
2026.03.02 23:26:48 WARN  Running javac-semanticdb failed for file:///D:/CODING/JAVA/consumer-service/src/main/java/com/example/consumer_service/config/KafkaConsumerService.java. Output:

2026.03.02 23:26:48 INFO  Created report: Optional[file:///D:/CODING/JAVA/consumer-service/src/main/java/com/example/consumer_service/config/KafkaConsumerService.java]
2026.03.02 23:26:48 INFO  QDox parse error in file:///D:/CODING/JAVA/consumer-service/src/main/java/com/example/consumer_service/config/KafkaConsumerService.java (full report at: "D:\CODING\JAVA\consumer-service\.metals\.reports\metals-full\2026-03-02\r_qdox-error_23-26-48-892.md")
2026.03.02 23:26:52 INFO  no build target found for D:\CODING\JAVA\consumer-service\src\main\java\com\example\consumer_service\config\KafkaConsumerService.java. Using fallback presentation compiler.
2026.03.02 23:26:52 INFO  no build target found for D:\CODING\JAVA\consumer-service\src\main\java\com\example\consumer_service\config\KafkaConsumerService.java. Using fallback presentation compiler.
2026.03.02 23:26:52 INFO  no build target found for D:\CODING\JAVA\consumer-service\src\main\java\com\example\consumer_service\config\KafkaConsumerService.java. Using fallback presentation compiler.
2026.03.02 23:26:52 INFO  no build target found for D:\CODING\JAVA\consumer-service\src\main\java\com\example\consumer_service\config\KafkaConsumerService.java. Using fallback presentation compiler.
2026.03.02 23:26:52 INFO  no build target found for D:\CODING\JAVA\consumer-service\src\main\java\com\example\consumer_service\config\KafkaConsumerService.java. Using fallback presentation compiler.
2026.03.02 23:26:52 INFO  no build target found for D:\CODING\JAVA\consumer-service\src\main\java\com\example\consumer_service\config\KafkaConsumerService.java. Using fallback presentation compiler.
2026.03.02 23:26:52 INFO  no build target found for D:\CODING\JAVA\consumer-service\src\main\java\com\example\consumer_service\config\KafkaConsumerService.java. Using fallback presentation compiler.
2026.03.02 23:26:52 INFO  no build target found for D:\CODING\JAVA\consumer-service\src\main\java\com\example\consumer_service\config\KafkaConsumerService.java. Using fallback presentation compiler.
2026.03.02 23:26:52 INFO  no build target found for D:\CODING\JAVA\consumer-service\src\main\java\com\example\consumer_service\config\KafkaConsumerService.java. Using fallback presentation compiler.
2026.03.02 23:26:52 INFO  no build target found for D:\CODING\JAVA\consumer-service\src\main\java\com\example\consumer_service\config\KafkaConsumerService.java. Using fallback presentation compiler.
2026.03.02 23:26:53 INFO  no build target found for D:\CODING\JAVA\consumer-service\src\main\java\com\example\consumer_service\config\KafkaConsumerService.java. Using fallback presentation compiler.
2026.03.02 23:26:53 INFO  no build target found for D:\CODING\JAVA\consumer-service\src\main\java\com\example\consumer_service\config\KafkaConsumerService.java. Using fallback presentation compiler.
2026.03.02 23:26:53 INFO  no build target found for D:\CODING\JAVA\consumer-service\src\main\java\com\example\consumer_service\config\KafkaConsumerService.java. Using fallback presentation compiler.
2026.03.02 23:26:53 INFO  no build target found for D:\CODING\JAVA\consumer-service\src\main\java\com\example\consumer_service\config\KafkaConsumerService.java. Using fallback presentation compiler.
2026.03.02 23:26:53 INFO  no build target found for D:\CODING\JAVA\consumer-service\src\main\java\com\example\consumer_service\config\KafkaConsumerService.java. Using fallback presentation compiler.
2026.03.02 23:26:53 INFO  no build target found for D:\CODING\JAVA\consumer-service\src\main\java\com\example\consumer_service\config\KafkaConsumerService.java. Using fallback presentation compiler.
2026.03.02 23:26:53 INFO  no build target found for D:\CODING\JAVA\consumer-service\src\main\java\com\example\consumer_service\config\KafkaConsumerService.java. Using fallback presentation compiler.
2026.03.02 23:26:53 INFO  no build target found for D:\CODING\JAVA\consumer-service\src\main\java\com\example\consumer_service\config\KafkaConsumerService.java. Using fallback presentation compiler.
2026.03.02 23:26:54 INFO  no build target found for D:\CODING\JAVA\consumer-service\src\main\java\com\example\consumer_service\config\KafkaConsumerService.java. Using fallback presentation compiler.
2026.03.02 23:26:54 INFO  no build target found for D:\CODING\JAVA\consumer-service\src\main\java\com\example\consumer_service\config\KafkaConsumerService.java. Using fallback presentation compiler.
2026.03.02 23:26:54 INFO  no build target found for D:\CODING\JAVA\consumer-service\src\main\java\com\example\consumer_service\config\KafkaConsumerService.java. Using fallback presentation compiler.
2026.03.02 23:26:54 INFO  no build target found for D:\CODING\JAVA\consumer-service\src\main\java\com\example\consumer_service\config\KafkaConsumerService.java. Using fallback presentation compiler.
2026.03.02 23:26:54 INFO  no build target found for D:\CODING\JAVA\consumer-service\src\main\java\com\example\consumer_service\config\KafkaConsumerService.java. Using fallback presentation compiler.
2026.03.02 23:26:55 INFO  no build target found for D:\CODING\JAVA\consumer-service\src\main\java\com\example\consumer_service\config\KafkaConsumerService.java. Using fallback presentation compiler.
2026.03.02 23:26:57 INFO  no build target found for D:\CODING\JAVA\consumer-service\src\main\java\com\example\consumer_service\config\KafkaConsumerService.java. Using fallback presentation compiler.
2026.03.02 23:26:57 INFO  no build target found for D:\CODING\JAVA\consumer-service\src\main\java\com\example\consumer_service\config\KafkaConsumerService.java. Using fallback presentation compiler.
2026.03.02 23:26:57 INFO  no build target found for D:\CODING\JAVA\consumer-service\src\main\java\com\example\consumer_service\config\KafkaConsumerService.java. Using fallback presentation compiler.
2026.03.02 23:26:57 INFO  no build target found for D:\CODING\JAVA\consumer-service\src\main\java\com\example\consumer_service\config\KafkaConsumerService.java. Using fallback presentation compiler.
2026.03.02 23:26:58 INFO  no build target found for D:\CODING\JAVA\consumer-service\src\main\java\com\example\consumer_service\config\KafkaConsumerService.java. Using fallback presentation compiler.
2026.03.02 23:26:58 INFO  no build target found for D:\CODING\JAVA\consumer-service\src\main\java\com\example\consumer_service\config\KafkaConsumerService.java. Using fallback presentation compiler.
2026.03.02 23:26:58 INFO  no build target found for D:\CODING\JAVA\consumer-service\src\main\java\com\example\consumer_service\config\KafkaConsumerService.java. Using fallback presentation compiler.
2026.03.02 23:26:58 INFO  no build target found for D:\CODING\JAVA\consumer-service\src\main\java\com\example\consumer_service\config\KafkaConsumerService.java. Using fallback presentation compiler.
2026.03.02 23:26:59 INFO  no build target found for D:\CODING\JAVA\consumer-service\src\main\java\com\example\consumer_service\config\KafkaConsumerService.java. Using fallback presentation compiler.
2026.03.02 23:26:59 INFO  no build target found for D:\CODING\JAVA\consumer-service\src\main\java\com\example\consumer_service\config\KafkaConsumerService.java. Using fallback presentation compiler.
2026.03.02 23:27:00 INFO  no build target found for D:\CODING\JAVA\consumer-service\src\main\java\com\example\consumer_service\config\KafkaConsumerService.java. Using fallback presentation compiler.
2026.03.02 23:26:59 INFO  no build target found for D:\CODING\JAVA\consumer-service\src\main\java\com\example\consumer_service\config\KafkaConsumerService.java. Using fallback presentation compiler.
2026.03.02 23:26:59 INFO  no build target found for D:\CODING\JAVA\consumer-service\src\main\java\com\example\consumer_service\config\KafkaConsumerService.java. Using fallback presentation compiler.
2026.03.02 23:26:59 INFO  no build target found for D:\CODING\JAVA\consumer-service\src\main\java\com\example\consumer_service\config\KafkaConsumerService.java. Using fallback presentation compiler.
Mar 02, 2026 11:27:00 PM org.eclipse.lsp4j.jsonrpc.RemoteEndpoint handleCancellation
WARNING: Unmatched cancel notification for request id 1144
Mar 02, 2026 11:27:00 PM org.eclipse.lsp4j.jsonrpc.RemoteEndpoint handleCancellation
WARNING: Unmatched cancel notification for request id 1143
2026.03.02 23:27:00 INFO  no build target found for D:\CODING\JAVA\consumer-service\src\main\java\com\example\consumer_service\config\KafkaConsumerService.java. Using fallback presentation compiler.
2026.03.02 23:27:00 INFO  no build target found for D:\CODING\JAVA\consumer-service\src\main\java\com\example\consumer_service\config\KafkaConsumerService.java. Using fallback presentation compiler.
2026.03.02 23:27:00 INFO  no build target found for D:\CODING\JAVA\consumer-service\src\main\java\com\example\consumer_service\config\KafkaConsumerService.java. Using fallback presentation compiler.
2026.03.02 23:27:00 INFO  no build target found for D:\CODING\JAVA\consumer-service\src\main\java\com\example\consumer_service\config\KafkaConsumerService.java. Using fallback presentation compiler.
2026.03.02 23:27:00 INFO  no build target found for D:\CODING\JAVA\consumer-service\src\main\java\com\example\consumer_service\config\KafkaConsumerService.java. Using fallback presentation compiler.
2026.03.02 23:27:00 INFO  no build target found for D:\CODING\JAVA\consumer-service\src\main\java\com\example\consumer_service\config\KafkaConsumerService.java. Using fallback presentation compiler.
2026.03.02 23:27:00 INFO  no build target found for D:\CODING\JAVA\consumer-service\src\main\java\com\example\consumer_service\config\KafkaConsumerService.java. Using fallback presentation compiler.
2026.03.02 23:27:01 INFO  no build target found for D:\CODING\JAVA\consumer-service\src\main\java\com\example\consumer_service\config\KafkaConsumerService.java. Using fallback presentation compiler.
2026.03.02 23:27:00 INFO  no build target found for D:\CODING\JAVA\consumer-service\src\main\java\com\example\consumer_service\config\KafkaConsumerService.java. Using fallback presentation compiler.
2026.03.02 23:27:00 INFO  no build target found for D:\CODING\JAVA\consumer-service\src\main\java\com\example\consumer_service\config\KafkaConsumerService.java. Using fallback presentation compiler.
2026.03.02 23:27:01 INFO  no build target found for D:\CODING\JAVA\consumer-service\src\main\java\com\example\consumer_service\config\KafkaConsumerService.java. Using fallback presentation compiler.
2026.03.02 23:27:02 INFO  no build target found for D:\CODING\JAVA\consumer-service\src\main\java\com\example\consumer_service\config\KafkaConsumerService.java. Using fallback presentation compiler.
2026.03.02 23:27:02 INFO  no build target found for D:\CODING\JAVA\consumer-service\src\main\java\com\example\consumer_service\config\KafkaConsumerService.java. Using fallback presentation compiler.
2026.03.02 23:27:02 INFO  no build target found for D:\CODING\JAVA\consumer-service\src\main\java\com\example\consumer_service\config\KafkaConsumerService.java. Using fallback presentation compiler.
2026.03.02 23:27:02 INFO  no build target found for D:\CODING\JAVA\consumer-service\src\main\java\com\example\consumer_service\config\KafkaConsumerService.java. Using fallback presentation compiler.
2026.03.02 23:27:02 INFO  no build target found for D:\CODING\JAVA\consumer-service\src\main\java\com\example\consumer_service\config\KafkaConsumerService.java. Using fallback presentation compiler.
2026.03.02 23:27:02 INFO  no build target found for D:\CODING\JAVA\consumer-service\src\main\java\com\example\consumer_service\config\KafkaConsumerService.java. Using fallback presentation compiler.
2026.03.02 23:27:03 INFO  no build target found for D:\CODING\JAVA\consumer-service\src\main\java\com\example\consumer_service\config\KafkaConsumerService.java. Using fallback presentation compiler.
2026.03.02 23:27:03 INFO  no build target found for D:\CODING\JAVA\consumer-service\src\main\java\com\example\consumer_service\config\KafkaConsumerService.java. Using fallback presentation compiler.
2026.03.02 23:27:03 INFO  no build target found for D:\CODING\JAVA\consumer-service\src\main\java\com\example\consumer_service\config\KafkaConsumerService.java. Using fallback presentation compiler.
2026.03.02 23:27:03 INFO  no build target found for D:\CODING\JAVA\consumer-service\src\main\java\com\example\consumer_service\config\KafkaConsumerService.java. Using fallback presentation compiler.
2026.03.02 23:27:03 INFO  no build target found for D:\CODING\JAVA\consumer-service\src\main\java\com\example\consumer_service\config\KafkaConsumerService.java. Using fallback presentation compiler.
2026.03.02 23:27:03 INFO  no build target found for D:\CODING\JAVA\consumer-service\src\main\java\com\example\consumer_service\config\KafkaConsumerService.java. Using fallback presentation compiler.
2026.03.02 23:27:03 INFO  no build target found for D:\CODING\JAVA\consumer-service\src\main\java\com\example\consumer_service\config\KafkaConsumerService.java. Using fallback presentation compiler.
2026.03.02 23:27:03 INFO  no build target found for D:\CODING\JAVA\consumer-service\src\main\java\com\example\consumer_service\config\KafkaConsumerService.java. Using fallback presentation compiler.
2026.03.02 23:27:04 INFO  no build target found for D:\CODING\JAVA\consumer-service\src\main\java\com\example\consumer_service\config\KafkaConsumerService.java. Using fallback presentation compiler.
2026.03.02 23:27:04 INFO  no build target found for D:\CODING\JAVA\consumer-service\src\main\java\com\example\consumer_service\config\KafkaConsumerService.java. Using fallback presentation compiler.
2026.03.02 23:27:04 INFO  no build target found for D:\CODING\JAVA\consumer-service\src\main\java\com\example\consumer_service\config\KafkaConsumerService.java. Using fallback presentation compiler.
2026.03.02 23:27:04 INFO  no build target found for D:\CODING\JAVA\consumer-service\src\main\java\com\example\consumer_service\config\KafkaConsumerService.java. Using fallback presentation compiler.
2026.03.02 23:27:04 INFO  no build target found for D:\CODING\JAVA\consumer-service\src\main\java\com\example\consumer_service\config\KafkaConsumerService.java. Using fallback presentation compiler.
2026.03.02 23:27:04 INFO  no build target found for D:\CODING\JAVA\consumer-service\src\main\java\com\example\consumer_service\config\KafkaConsumerService.java. Using fallback presentation compiler.
2026.03.02 23:27:05 INFO  no build target found for D:\CODING\JAVA\consumer-service\src\main\java\com\example\consumer_service\config\KafkaConsumerService.java. Using fallback presentation compiler.
2026.03.02 23:27:05 INFO  no build target found for D:\CODING\JAVA\consumer-service\src\main\java\com\example\consumer_service\config\KafkaConsumerService.java. Using fallback presentation compiler.
2026.03.02 23:27:05 INFO  no build target found for D:\CODING\JAVA\consumer-service\src\main\java\com\example\consumer_service\config\KafkaConsumerService.java. Using fallback presentation compiler.
2026.03.02 23:27:05 INFO  no build target found for D:\CODING\JAVA\consumer-service\src\main\java\com\example\consumer_service\config\KafkaConsumerService.java. Using fallback presentation compiler.
2026.03.02 23:27:05 INFO  no build target found for D:\CODING\JAVA\consumer-service\src\main\java\com\example\consumer_service\config\KafkaConsumerService.java. Using fallback presentation compiler.
2026.03.02 23:27:06 INFO  no build target found for D:\CODING\JAVA\consumer-service\src\main\java\com\example\consumer_service\config\KafkaConsumerService.java. Using fallback presentation compiler.
2026.03.02 23:27:05 INFO  no build target found for D:\CODING\JAVA\consumer-service\src\main\java\com\example\consumer_service\config\KafkaConsumerService.java. Using fallback presentation compiler.
2026.03.02 23:27:05 INFO  no build target found for D:\CODING\JAVA\consumer-service\src\main\java\com\example\consumer_service\config\KafkaConsumerService.java. Using fallback presentation compiler.
2026.03.02 23:27:05 INFO  no build target found for D:\CODING\JAVA\consumer-service\src\main\java\com\example\consumer_service\config\KafkaConsumerService.java. Using fallback presentation compiler.
2026.03.02 23:27:06 INFO  no build target found for D:\CODING\JAVA\consumer-service\src\main\java\com\example\consumer_service\config\KafkaConsumerService.java. Using fallback presentation compiler.
2026.03.02 23:27:06 INFO  no build target found for D:\CODING\JAVA\consumer-service\src\main\java\com\example\consumer_service\config\KafkaConsumerService.java. Using fallback presentation compiler.
2026.03.02 23:27:06 INFO  no build target found for D:\CODING\JAVA\consumer-service\src\main\java\com\example\consumer_service\config\KafkaConsumerService.java. Using fallback presentation compiler.
2026.03.02 23:27:06 INFO  no build target found for D:\CODING\JAVA\consumer-service\src\main\java\com\example\consumer_service\config\KafkaConsumerService.java. Using fallback presentation compiler.
2026.03.02 23:27:06 INFO  no build target found for D:\CODING\JAVA\consumer-service\src\main\java\com\example\consumer_service\config\KafkaConsumerService.java. Using fallback presentation compiler.
2026.03.02 23:27:06 INFO  no build target found for D:\CODING\JAVA\consumer-service\src\main\java\com\example\consumer_service\config\KafkaConsumerService.java. Using fallback presentation compiler.
2026.03.02 23:27:06 INFO  no build target found for D:\CODING\JAVA\consumer-service\src\main\java\com\example\consumer_service\config\KafkaConsumerService.java. Using fallback presentation compiler.
2026.03.02 23:27:06 INFO  no build target found for D:\CODING\JAVA\consumer-service\src\main\java\com\example\consumer_service\config\KafkaConsumerService.java. Using fallback presentation compiler.
2026.03.02 23:27:06 INFO  no build target found for D:\CODING\JAVA\consumer-service\src\main\java\com\example\consumer_service\config\KafkaConsumerService.java. Using fallback presentation compiler.
2026.03.02 23:27:07 INFO  no build target found for D:\CODING\JAVA\consumer-service\src\main\java\com\example\consumer_service\config\KafkaConsumerService.java. Using fallback presentation compiler.
2026.03.02 23:27:07 INFO  no build target found for D:\CODING\JAVA\consumer-service\src\main\java\com\example\consumer_service\config\KafkaConsumerService.java. Using fallback presentation compiler.
2026.03.02 23:27:07 INFO  no build target found for D:\CODING\JAVA\consumer-service\src\main\java\com\example\consumer_service\config\KafkaConsumerService.java. Using fallback presentation compiler.
2026.03.02 23:27:07 INFO  no build target found for D:\CODING\JAVA\consumer-service\src\main\java\com\example\consumer_service\config\KafkaConsumerService.java. Using fallback presentation compiler.
2026.03.02 23:27:07 INFO  no build target found for D:\CODING\JAVA\consumer-service\src\main\java\com\example\consumer_service\config\KafkaConsumerService.java. Using fallback presentation compiler.
2026.03.02 23:27:07 INFO  no build target found for D:\CODING\JAVA\consumer-service\src\main\java\com\example\consumer_service\config\KafkaConsumerService.java. Using fallback presentation compiler.
2026.03.02 23:27:08 INFO  no build target found for D:\CODING\JAVA\consumer-service\src\main\java\com\example\consumer_service\config\KafkaConsumerService.java. Using fallback presentation compiler.
2026.03.02 23:27:07 INFO  no build target found for D:\CODING\JAVA\consumer-service\src\main\java\com\example\consumer_service\config\KafkaConsumerService.java. Using fallback presentation compiler.
2026.03.02 23:27:07 INFO  no build target found for D:\CODING\JAVA\consumer-service\src\main\java\com\example\consumer_service\config\KafkaConsumerService.java. Using fallback presentation compiler.
2026.03.02 23:27:08 INFO  no build target found for D:\CODING\JAVA\consumer-service\src\main\java\com\example\consumer_service\config\KafkaConsumerService.java. Using fallback presentation compiler.
2026.03.02 23:27:08 INFO  no build target found for D:\CODING\JAVA\consumer-service\src\main\java\com\example\consumer_service\config\KafkaConsumerService.java. Using fallback presentation compiler.
2026.03.02 23:27:08 INFO  no build target found for D:\CODING\JAVA\consumer-service\src\main\java\com\example\consumer_service\config\KafkaConsumerService.java. Using fallback presentation compiler.
2026.03.02 23:27:08 INFO  no build target found for D:\CODING\JAVA\consumer-service\src\main\java\com\example\consumer_service\config\KafkaConsumerService.java. Using fallback presentation compiler.
2026.03.02 23:27:08 INFO  no build target found for D:\CODING\JAVA\consumer-service\src\main\java\com\example\consumer_service\config\KafkaConsumerService.java. Using fallback presentation compiler.
2026.03.02 23:27:08 INFO  no build target found for D:\CODING\JAVA\consumer-service\src\main\java\com\example\consumer_service\config\KafkaConsumerService.java. Using fallback presentation compiler.
2026.03.02 23:27:08 INFO  no build target found for D:\CODING\JAVA\consumer-service\src\main\java\com\example\consumer_service\config\KafkaConsumerService.java. Using fallback presentation compiler.
2026.03.02 23:27:09 INFO  no build target found for D:\CODING\JAVA\consumer-service\src\main\java\com\example\consumer_service\config\KafkaConsumerService.java. Using fallback presentation compiler.
2026.03.02 23:27:09 INFO  no build target found for D:\CODING\JAVA\consumer-service\src\main\java\com\example\consumer_service\config\KafkaConsumerService.java. Using fallback presentation compiler.
2026.03.02 23:27:09 INFO  no build target found for D:\CODING\JAVA\consumer-service\src\main\java\com\example\consumer_service\config\KafkaConsumerService.java. Using fallback presentation compiler.
2026.03.02 23:27:09 INFO  no build target found for D:\CODING\JAVA\consumer-service\src\main\java\com\example\consumer_service\config\KafkaConsumerService.java. Using fallback presentation compiler.
2026.03.02 23:27:09 INFO  no build target found for D:\CODING\JAVA\consumer-service\src\main\java\com\example\consumer_service\config\KafkaConsumerService.java. Using fallback presentation compiler.
2026.03.02 23:27:09 INFO  no build target found for D:\CODING\JAVA\consumer-service\src\main\java\com\example\consumer_service\config\KafkaConsumerService.java. Using fallback presentation compiler.
2026.03.02 23:27:10 INFO  no build target found for D:\CODING\JAVA\consumer-service\src\main\java\com\example\consumer_service\config\KafkaConsumerService.java. Using fallback presentation compiler.
2026.03.02 23:27:12 WARN  no build target for: D:\CODING\JAVA\consumer-service\src\main\java\com\example\consumer_service\config\KafkaConsumerService.java
2026.03.02 23:27:12 INFO  no build target found for D:\CODING\JAVA\consumer-service\src\main\java\com\example\consumer_service\config\KafkaConsumerService.java. Using fallback presentation compiler.
2026.03.02 23:27:15 INFO  no build target found for D:\CODING\JAVA\consumer-service\src\main\java\com\example\consumer_service\config\KafkaConsumerService.java. Using fallback presentation compiler.
2026.03.02 23:27:15 INFO  no build target found for D:\CODING\JAVA\consumer-service\src\main\java\com\example\consumer_service\config\KafkaConsumerService.java. Using fallback presentation compiler.
2026.03.02 23:27:15 INFO  no build target found for D:\CODING\JAVA\consumer-service\src\main\java\com\example\consumer_service\config\KafkaConsumerService.java. Using fallback presentation compiler.
2026.03.02 23:27:15 INFO  no build target found for D:\CODING\JAVA\consumer-service\src\main\java\com\example\consumer_service\config\KafkaConsumerService.java. Using fallback presentation compiler.
2026.03.02 23:27:16 INFO  no build target found for D:\CODING\JAVA\consumer-service\src\main\java\com\example\consumer_service\config\KafkaConsumerService.java. Using fallback presentation compiler.
2026.03.02 23:27:15 INFO  no build target found for D:\CODING\JAVA\consumer-service\src\main\java\com\example\consumer_service\config\KafkaConsumerService.java. Using fallback presentation compiler.
2026.03.02 23:27:16 INFO  no build target found for D:\CODING\JAVA\consumer-service\src\main\java\com\example\consumer_service\config\KafkaConsumerService.java. Using fallback presentation compiler.
2026.03.02 23:27:16 INFO  no build target found for D:\CODING\JAVA\consumer-service\src\main\java\com\example\consumer_service\config\KafkaConsumerService.java. Using fallback presentation compiler.
2026.03.02 23:27:17 INFO  no build target found for D:\CODING\JAVA\consumer-service\src\main\java\com\example\consumer_service\config\KafkaConsumerService.java. Using fallback presentation compiler.
2026.03.02 23:27:17 INFO  no build target found for D:\CODING\JAVA\consumer-service\src\main\java\com\example\consumer_service\config\KafkaConsumerService.java. Using fallback presentation compiler.
2026.03.02 23:27:17 INFO  no build target found for D:\CODING\JAVA\consumer-service\src\main\java\com\example\consumer_service\config\KafkaConsumerService.java. Using fallback presentation compiler.
2026.03.02 23:27:20 INFO  no build target found for D:\CODING\JAVA\consumer-service\src\main\java\com\example\consumer_service\config\KafkaConsumerService.java. Using fallback presentation compiler.
2026.03.02 23:27:20 INFO  no build target found for D:\CODING\JAVA\consumer-service\src\main\java\com\example\consumer_service\config\KafkaConsumerService.java. Using fallback presentation compiler.
2026.03.02 23:27:20 INFO  no build target found for D:\CODING\JAVA\consumer-service\src\main\java\com\example\consumer_service\config\KafkaConsumerService.java. Using fallback presentation compiler.
2026.03.02 23:27:21 INFO  no build target found for D:\CODING\JAVA\consumer-service\src\main\java\com\example\consumer_service\config\KafkaConsumerService.java. Using fallback presentation compiler.
2026.03.02 23:27:20 INFO  no build target found for D:\CODING\JAVA\consumer-service\src\main\java\com\example\consumer_service\config\KafkaConsumerService.java. Using fallback presentation compiler.
2026.03.02 23:27:22 INFO  no build target found for D:\CODING\JAVA\consumer-service\src\main\java\com\example\consumer_service\config\KafkaConsumerService.java. Using fallback presentation compiler.
2026.03.02 23:27:22 INFO  no build target found for D:\CODING\JAVA\consumer-service\src\main\java\com\example\consumer_service\config\KafkaConsumerService.java. Using fallback presentation compiler.
2026.03.02 23:27:24 INFO  no build target found for D:\CODING\JAVA\consumer-service\src\main\java\com\example\consumer_service\config\KafkaConsumerService.java. Using fallback presentation compiler.
2026.03.02 23:27:24 INFO  no build target found for D:\CODING\JAVA\consumer-service\src\main\java\com\example\consumer_service\config\KafkaConsumerService.java. Using fallback presentation compiler.
2026.03.02 23:27:24 INFO  no build target found for D:\CODING\JAVA\consumer-service\src\main\java\com\example\consumer_service\config\KafkaConsumerService.java. Using fallback presentation compiler.
2026.03.02 23:27:24 INFO  no build target found for D:\CODING\JAVA\consumer-service\src\main\java\com\example\consumer_service\config\KafkaConsumerService.java. Using fallback presentation compiler.
2026.03.02 23:27:24 INFO  no build target found for D:\CODING\JAVA\consumer-service\src\main\java\com\example\consumer_service\config\KafkaConsumerService.java. Using fallback presentation compiler.
2026.03.02 23:27:25 INFO  no build target found for D:\CODING\JAVA\consumer-service\src\main\java\com\example\consumer_service\config\KafkaConsumerService.java. Using fallback presentation compiler.
2026.03.02 23:27:25 INFO  no build target found for D:\CODING\JAVA\consumer-service\src\main\java\com\example\consumer_service\config\KafkaConsumerService.java. Using fallback presentation compiler.
2026.03.02 23:27:26 WARN  no build target for: D:\CODING\JAVA\consumer-service\src\main\java\com\example\consumer_service\config\KafkaConsumerService.java
2026.03.02 23:27:26 INFO  no build target found for D:\CODING\JAVA\consumer-service\src\main\java\com\example\consumer_service\config\KafkaConsumerService.java. Using fallback presentation compiler.
2026.03.02 23:27:29 INFO  no build target found for D:\CODING\JAVA\consumer-service\src\main\java\com\example\consumer_service\config\KafkaConsumerService.java. Using fallback presentation compiler.
2026.03.02 23:27:29 INFO  no build target found for D:\CODING\JAVA\consumer-service\src\main\java\com\example\consumer_service\config\KafkaConsumerService.java. Using fallback presentation compiler.
2026.03.02 23:27:29 INFO  no build target found for D:\CODING\JAVA\consumer-service\src\main\java\com\example\consumer_service\config\KafkaConsumerService.java. Using fallback presentation compiler.
2026.03.02 23:27:30 INFO  no build target found for D:\CODING\JAVA\consumer-service\src\main\java\com\example\consumer_service\config\KafkaConsumerService.java. Using fallback presentation compiler.
2026.03.02 23:27:32 INFO  no build target found for D:\CODING\JAVA\consumer-service\src\main\java\com\example\consumer_service\config\KafkaConsumerService.java. Using fallback presentation compiler.
2026.03.02 23:27:32 INFO  no build target found for D:\CODING\JAVA\consumer-service\src\main\java\com\example\consumer_service\config\KafkaConsumerService.java. Using fallback presentation compiler.
2026.03.02 23:27:36 INFO  no build target found for D:\CODING\JAVA\consumer-service\src\main\java\com\example\consumer_service\config\KafkaConsumerService.java. Using fallback presentation compiler.
2026.03.02 23:27:36 INFO  no build target found for D:\CODING\JAVA\consumer-service\src\main\java\com\example\consumer_service\config\KafkaConsumerService.java. Using fallback presentation compiler.
2026.03.02 23:27:36 INFO  no build target found for D:\CODING\JAVA\consumer-service\src\main\java\com\example\consumer_service\config\KafkaConsumerService.java. Using fallback presentation compiler.
2026.03.02 23:27:36 INFO  no build target found for D:\CODING\JAVA\consumer-service\src\main\java\com\example\consumer_service\config\KafkaConsumerService.java. Using fallback presentation compiler.
2026.03.02 23:27:37 INFO  no build target found for D:\CODING\JAVA\consumer-service\src\main\java\com\example\consumer_service\config\KafkaConsumerService.java. Using fallback presentation compiler.
2026.03.02 23:27:37 INFO  no build target found for D:\CODING\JAVA\consumer-service\src\main\java\com\example\consumer_service\config\KafkaConsumerService.java. Using fallback presentation compiler.
2026.03.02 23:27:38 INFO  no build target found for D:\CODING\JAVA\consumer-service\src\main\java\com\example\consumer_service\config\KafkaConsumerService.java. Using fallback presentation compiler.
2026.03.02 23:27:37 INFO  no build target found for D:\CODING\JAVA\consumer-service\src\main\java\com\example\consumer_service\config\KafkaConsumerService.java. Using fallback presentation compiler.
2026.03.02 23:27:37 INFO  no build target found for D:\CODING\JAVA\consumer-service\src\main\java\com\example\consumer_service\config\KafkaConsumerService.java. Using fallback presentation compiler.
2026.03.02 23:27:38 INFO  no build target found for D:\CODING\JAVA\consumer-service\src\main\java\com\example\consumer_service\config\KafkaConsumerService.java. Using fallback presentation compiler.
2026.03.02 23:27:37 INFO  no build target found for D:\CODING\JAVA\consumer-service\src\main\java\com\example\consumer_service\config\KafkaConsumerService.java. Using fallback presentation compiler.
2026.03.02 23:27:37 INFO  no build target found for D:\CODING\JAVA\consumer-service\src\main\java\com\example\consumer_service\config\KafkaConsumerService.java. Using fallback presentation compiler.
2026.03.02 23:27:38 INFO  no build target found for D:\CODING\JAVA\consumer-service\src\main\java\com\example\consumer_service\config\KafkaConsumerService.java. Using fallback presentation compiler.
2026.03.02 23:27:39 INFO  no build target found for D:\CODING\JAVA\consumer-service\src\main\java\com\example\consumer_service\config\KafkaConsumerService.java. Using fallback presentation compiler.
2026.03.02 23:27:39 INFO  no build target found for D:\CODING\JAVA\consumer-service\src\main\java\com\example\consumer_service\config\KafkaConsumerService.java. Using fallback presentation compiler.
2026.03.02 23:27:39 INFO  no build target found for D:\CODING\JAVA\consumer-service\src\main\java\com\example\consumer_service\config\KafkaConsumerService.java. Using fallback presentation compiler.
2026.03.02 23:27:39 INFO  no build target found for D:\CODING\JAVA\consumer-service\src\main\java\com\example\consumer_service\config\KafkaConsumerService.java. Using fallback presentation compiler.
2026.03.02 23:27:39 INFO  no build target found for D:\CODING\JAVA\consumer-service\src\main\java\com\example\consumer_service\config\KafkaConsumerService.java. Using fallback presentation compiler.
2026.03.02 23:27:40 WARN  no build target for: D:\CODING\JAVA\consumer-service\src\main\java\com\example\consumer_service\config\KafkaConsumerService.java
2026.03.02 23:27:40 INFO  QDox parse error in file:///D:/CODING/JAVA/consumer-service/src/main/java/com/example/consumer_service/config/KafkaConsumerService.java (full report at: "D:\CODING\JAVA\consumer-service\.metals\.reports\metals-full\2026-03-02\r_qdox-error_23-26-48-892.md")
2026.03.02 23:27:40 INFO  no build target found for D:\CODING\JAVA\consumer-service\src\main\java\com\example\consumer_service\config\KafkaConsumerService.java. Using fallback presentation compiler.
2026.03.02 23:27:39 WARN  Running javac-semanticdb failed for file:///D:/CODING/JAVA/consumer-service/src/main/java/com/example/consumer_service/config/KafkaConsumerService.java. Output:

2026.03.02 23:27:41 INFO  no build target found for D:\CODING\JAVA\consumer-service\src\main\java\com\example\consumer_service\config\KafkaConsumerService.java. Using fallback presentation compiler.
2026.03.02 23:27:41 INFO  no build target found for D:\CODING\JAVA\consumer-service\src\main\java\com\example\consumer_service\config\KafkaConsumerService.java. Using fallback presentation compiler.
2026.03.02 23:27:41 INFO  no build target found for D:\CODING\JAVA\consumer-service\src\main\java\com\example\consumer_service\config\KafkaConsumerService.java. Using fallback presentation compiler.
2026.03.02 23:27:41 INFO  no build target found for D:\CODING\JAVA\consumer-service\src\main\java\com\example\consumer_service\config\KafkaConsumerService.java. Using fallback presentation compiler.
2026.03.02 23:27:44 INFO  no build target found for D:\CODING\JAVA\consumer-service\src\main\java\com\example\consumer_service\config\KafkaConsumerService.java. Using fallback presentation compiler.
2026.03.02 23:27:44 INFO  no build target found for D:\CODING\JAVA\consumer-service\src\main\java\com\example\consumer_service\config\KafkaConsumerService.java. Using fallback presentation compiler.
2026.03.02 23:27:48 INFO  no build target found for D:\CODING\JAVA\consumer-service\src\main\java\com\example\consumer_service\config\KafkaConsumerService.java. Using fallback presentation compiler.
2026.03.02 23:27:48 INFO  no build target found for D:\CODING\JAVA\consumer-service\src\main\java\com\example\consumer_service\config\KafkaConsumerService.java. Using fallback presentation compiler.
2026.03.02 23:27:48 INFO  no build target found for D:\CODING\JAVA\consumer-service\src\main\java\com\example\consumer_service\config\KafkaConsumerService.java. Using fallback presentation compiler.
2026.03.02 23:27:48 INFO  no build target found for D:\CODING\JAVA\consumer-service\src\main\java\com\example\consumer_service\config\KafkaConsumerService.java. Using fallback presentation compiler.
2026.03.02 23:27:48 INFO  no build target found for D:\CODING\JAVA\consumer-service\src\main\java\com\example\consumer_service\config\KafkaConsumerService.java. Using fallback presentation compiler.
2026.03.02 23:27:48 INFO  no build target found for D:\CODING\JAVA\consumer-service\src\main\java\com\example\consumer_service\config\KafkaConsumerService.java. Using fallback presentation compiler.
2026.03.02 23:27:48 INFO  no build target found for D:\CODING\JAVA\consumer-service\src\main\java\com\example\consumer_service\config\KafkaConsumerService.java. Using fallback presentation compiler.
2026.03.02 23:27:48 INFO  no build target found for D:\CODING\JAVA\consumer-service\src\main\java\com\example\consumer_service\config\KafkaConsumerService.java. Using fallback presentation compiler.
2026.03.02 23:27:48 INFO  no build target found for D:\CODING\JAVA\consumer-service\src\main\java\com\example\consumer_service\config\KafkaConsumerService.java. Using fallback presentation compiler.
2026.03.02 23:27:48 INFO  no build target found for D:\CODING\JAVA\consumer-service\src\main\java\com\example\consumer_service\config\KafkaConsumerService.java. Using fallback presentation compiler.
2026.03.02 23:27:49 INFO  no build target found for D:\CODING\JAVA\consumer-service\src\main\java\com\example\consumer_service\config\KafkaConsumerService.java. Using fallback presentation compiler.
2026.03.02 23:27:50 INFO  no build target found for D:\CODING\JAVA\consumer-service\src\main\java\com\example\consumer_service\config\KafkaConsumerService.java. Using fallback presentation compiler.
2026.03.02 23:27:50 INFO  no build target found for D:\CODING\JAVA\consumer-service\src\main\java\com\example\consumer_service\config\KafkaConsumerService.java. Using fallback presentation compiler.
2026.03.02 23:27:50 INFO  no build target found for D:\CODING\JAVA\consumer-service\src\main\java\com\example\consumer_service\config\KafkaConsumerService.java. Using fallback presentation compiler.
2026.03.02 23:27:50 INFO  no build target found for D:\CODING\JAVA\consumer-service\src\main\java\com\example\consumer_service\config\KafkaConsumerService.java. Using fallback presentation compiler.
2026.03.02 23:27:50 INFO  no build target found for D:\CODING\JAVA\consumer-service\src\main\java\com\example\consumer_service\config\KafkaConsumerService.java. Using fallback presentation compiler.
2026.03.02 23:27:50 INFO  no build target found for D:\CODING\JAVA\consumer-service\src\main\java\com\example\consumer_service\config\KafkaConsumerService.java. Using fallback presentation compiler.
2026.03.02 23:27:50 INFO  no build target found for D:\CODING\JAVA\consumer-service\src\main\java\com\example\consumer_service\config\KafkaConsumerService.java. Using fallback presentation compiler.
2026.03.02 23:27:50 INFO  no build target found for D:\CODING\JAVA\consumer-service\src\main\java\com\example\consumer_service\config\KafkaConsumerService.java. Using fallback presentation compiler.
2026.03.02 23:27:51 INFO  no build target found for D:\CODING\JAVA\consumer-service\src\main\java\com\example\consumer_service\config\KafkaConsumerService.java. Using fallback presentation compiler.
2026.03.02 23:27:51 INFO  no build target found for D:\CODING\JAVA\consumer-service\src\main\java\com\example\consumer_service\config\KafkaConsumerService.java. Using fallback presentation compiler.
2026.03.02 23:27:51 INFO  no build target found for D:\CODING\JAVA\consumer-service\src\main\java\com\example\consumer_service\config\KafkaConsumerService.java. Using fallback presentation compiler.
2026.03.02 23:27:51 INFO  no build target found for D:\CODING\JAVA\consumer-service\src\main\java\com\example\consumer_service\config\KafkaConsumerService.java. Using fallback presentation compiler.
2026.03.02 23:27:51 INFO  no build target found for D:\CODING\JAVA\consumer-service\src\main\java\com\example\consumer_service\config\KafkaConsumerService.java. Using fallback presentation compiler.
2026.03.02 23:27:51 INFO  no build target found for D:\CODING\JAVA\consumer-service\src\main\java\com\example\consumer_service\config\KafkaConsumerService.java. Using fallback presentation compiler.
2026.03.02 23:27:51 INFO  no build target found for D:\CODING\JAVA\consumer-service\src\main\java\com\example\consumer_service\config\KafkaConsumerService.java. Using fallback presentation compiler.
2026.03.02 23:27:52 INFO  no build target found for D:\CODING\JAVA\consumer-service\src\main\java\com\example\consumer_service\config\KafkaConsumerService.java. Using fallback presentation compiler.
2026.03.02 23:27:52 INFO  no build target found for D:\CODING\JAVA\consumer-service\src\main\java\com\example\consumer_service\config\KafkaConsumerService.java. Using fallback presentation compiler.
2026.03.02 23:27:52 INFO  no build target found for D:\CODING\JAVA\consumer-service\src\main\java\com\example\consumer_service\config\KafkaConsumerService.java. Using fallback presentation compiler.
2026.03.02 23:27:52 INFO  no build target found for D:\CODING\JAVA\consumer-service\src\main\java\com\example\consumer_service\config\KafkaConsumerService.java. Using fallback presentation compiler.
2026.03.02 23:27:52 INFO  no build target found for D:\CODING\JAVA\consumer-service\src\main\java\com\example\consumer_service\config\KafkaConsumerService.java. Using fallback presentation compiler.
2026.03.02 23:27:52 INFO  no build target found for D:\CODING\JAVA\consumer-service\src\main\java\com\example\consumer_service\config\KafkaConsumerService.java. Using fallback presentation compiler.
2026.03.02 23:27:52 INFO  no build target found for D:\CODING\JAVA\consumer-service\src\main\java\com\example\consumer_service\config\KafkaConsumerService.java. Using fallback presentation compiler.
2026.03.02 23:27:52 INFO  no build target found for D:\CODING\JAVA\consumer-service\src\main\java\com\example\consumer_service\config\KafkaConsumerService.java. Using fallback presentation compiler.
2026.03.02 23:27:52 INFO  no build target found for D:\CODING\JAVA\consumer-service\src\main\java\com\example\consumer_service\config\KafkaConsumerService.java. Using fallback presentation compiler.
2026.03.02 23:27:52 INFO  no build target found for D:\CODING\JAVA\consumer-service\src\main\java\com\example\consumer_service\config\KafkaConsumerService.java. Using fallback presentation compiler.
2026.03.02 23:27:53 INFO  no build target found for D:\CODING\JAVA\consumer-service\src\main\java\com\example\consumer_service\config\KafkaConsumerService.java. Using fallback presentation compiler.
2026.03.02 23:27:53 INFO  no build target found for D:\CODING\JAVA\consumer-service\src\main\java\com\example\consumer_service\config\KafkaConsumerService.java. Using fallback presentation compiler.
2026.03.02 23:27:53 INFO  no build target found for D:\CODING\JAVA\consumer-service\src\main\java\com\example\consumer_service\config\KafkaConsumerService.java. Using fallback presentation compiler.
2026.03.02 23:27:53 INFO  no build target found for D:\CODING\JAVA\consumer-service\src\main\java\com\example\consumer_service\config\KafkaConsumerService.java. Using fallback presentation compiler.
2026.03.02 23:27:54 INFO  no build target found for D:\CODING\JAVA\consumer-service\src\main\java\com\example\consumer_service\config\KafkaConsumerService.java. Using fallback presentation compiler.
2026.03.02 23:27:55 INFO  no build target found for D:\CODING\JAVA\consumer-service\src\main\java\com\example\consumer_service\config\KafkaConsumerService.java. Using fallback presentation compiler.
2026.03.02 23:27:55 INFO  no build target found for D:\CODING\JAVA\consumer-service\src\main\java\com\example\consumer_service\config\KafkaConsumerService.java. Using fallback presentation compiler.
2026.03.02 23:27:55 INFO  no build target found for D:\CODING\JAVA\consumer-service\src\main\java\com\example\consumer_service\config\KafkaConsumerService.java. Using fallback presentation compiler.
2026.03.02 23:27:55 INFO  no build target found for D:\CODING\JAVA\consumer-service\src\main\java\com\example\consumer_service\config\KafkaConsumerService.java. Using fallback presentation compiler.
2026.03.02 23:27:56 INFO  no build target found for D:\CODING\JAVA\consumer-service\src\main\java\com\example\consumer_service\config\KafkaConsumerService.java. Using fallback presentation compiler.
2026.03.02 23:27:56 INFO  no build target found for D:\CODING\JAVA\consumer-service\src\main\java\com\example\consumer_service\config\KafkaConsumerService.java. Using fallback presentation compiler.
2026.03.02 23:27:56 INFO  no build target found for D:\CODING\JAVA\consumer-service\src\main\java\com\example\consumer_service\config\KafkaConsumerService.java. Using fallback presentation compiler.
2026.03.02 23:27:56 INFO  no build target found for D:\CODING\JAVA\consumer-service\src\main\java\com\example\consumer_service\config\KafkaConsumerService.java. Using fallback presentation compiler.
2026.03.02 23:27:58 INFO  no build target found for D:\CODING\JAVA\consumer-service\src\main\java\com\example\consumer_service\config\KafkaConsumerService.java. Using fallback presentation compiler.
2026.03.02 23:27:58 INFO  no build target found for D:\CODING\JAVA\consumer-service\src\main\java\com\example\consumer_service\config\KafkaConsumerService.java. Using fallback presentation compiler.
2026.03.02 23:27:59 INFO  no build target found for D:\CODING\JAVA\consumer-service\src\main\java\com\example\consumer_service\config\KafkaConsumerService.java. Using fallback presentation compiler.
2026.03.02 23:28:00 WARN  no build target for: D:\CODING\JAVA\consumer-service\src\main\java\com\example\consumer_service\config\KafkaConsumerService.java
2026.03.02 23:28:00 INFO  no build target found for D:\CODING\JAVA\consumer-service\src\main\java\com\example\consumer_service\config\KafkaConsumerService.java. Using fallback presentation compiler.
2026.03.02 23:27:59 INFO  no build target found for D:\CODING\JAVA\consumer-service\src\main\java\com\example\consumer_service\config\KafkaConsumerService.java. Using fallback presentation compiler.
2026.03.02 23:28:01 INFO  no build target found for D:\CODING\JAVA\consumer-service\src\main\java\com\example\consumer_service\config\KafkaConsumerService.java. Using fallback presentation compiler.
2026.03.02 23:28:05 INFO  no build target found for D:\CODING\JAVA\consumer-service\src\main\java\com\example\consumer_service\config\KafkaConsumerService.java. Using fallback presentation compiler.
2026.03.02 23:28:05 INFO  no build target found for D:\CODING\JAVA\consumer-service\src\main\java\com\example\consumer_service\config\KafkaConsumerService.java. Using fallback presentation compiler.
2026.03.02 23:28:05 INFO  no build target found for D:\CODING\JAVA\consumer-service\src\main\java\com\example\consumer_service\config\KafkaConsumerService.java. Using fallback presentation compiler.
2026.03.02 23:28:07 INFO  no build target found for D:\CODING\JAVA\consumer-service\src\main\java\com\example\consumer_service\config\KafkaConsumerService.java. Using fallback presentation compiler.
2026.03.02 23:28:07 INFO  no build target found for D:\CODING\JAVA\consumer-service\src\main\java\com\example\consumer_service\config\KafkaConsumerService.java. Using fallback presentation compiler.
2026.03.02 23:28:20 INFO  no build target found for D:\CODING\JAVA\consumer-service\src\main\java\com\example\consumer_service\config\KafkaConsumerService.java. Using fallback presentation compiler.
2026.03.02 23:28:20 INFO  no build target found for D:\CODING\JAVA\consumer-service\src\main\java\com\example\consumer_service\config\KafkaConsumerService.java. Using fallback presentation compiler.
2026.03.02 23:28:20 INFO  no build target found for D:\CODING\JAVA\consumer-service\src\main\java\com\example\consumer_service\config\KafkaConsumerService.java. Using fallback presentation compiler.
2026.03.02 23:28:21 INFO  no build target found for D:\CODING\JAVA\consumer-service\src\main\java\com\example\consumer_service\config\KafkaConsumerService.java. Using fallback presentation compiler.
2026.03.02 23:28:22 WARN  no build target for: D:\CODING\JAVA\consumer-service\src\main\java\com\example\consumer_service\config\KafkaConsumerService.java
2026.03.02 23:28:22 INFO  no build target found for D:\CODING\JAVA\consumer-service\src\main\java\com\example\consumer_service\config\KafkaConsumerService.java. Using fallback presentation compiler.
2026.03.02 23:28:40 INFO  no build target found for D:\CODING\JAVA\consumer-service\src\main\java\com\example\consumer_service\config\KafkaConsumerService.java. Using fallback presentation compiler.
2026.03.02 23:28:40 INFO  no build target found for D:\CODING\JAVA\consumer-service\src\main\java\com\example\consumer_service\config\KafkaConsumerService.java. Using fallback presentation compiler.
2026.03.02 23:28:40 INFO  no build target found for D:\CODING\JAVA\consumer-service\src\main\java\com\example\consumer_service\config\KafkaConsumerService.java. Using fallback presentation compiler.
2026.03.02 23:28:41 INFO  no build target found for D:\CODING\JAVA\consumer-service\src\main\java\com\example\consumer_service\config\KafkaConsumerService.java. Using fallback presentation compiler.
2026.03.02 23:28:40 INFO  no build target found for D:\CODING\JAVA\consumer-service\src\main\java\com\example\consumer_service\config\KafkaConsumerService.java. Using fallback presentation compiler.
2026.03.02 23:28:41 INFO  no build target found for D:\CODING\JAVA\consumer-service\src\main\java\com\example\consumer_service\config\KafkaConsumerService.java. Using fallback presentation compiler.
2026.03.02 23:28:41 INFO  no build target found for D:\CODING\JAVA\consumer-service\src\main\java\com\example\consumer_service\config\KafkaConsumerService.java. Using fallback presentation compiler.
2026.03.02 23:28:41 INFO  no build target found for D:\CODING\JAVA\consumer-service\src\main\java\com\example\consumer_service\config\KafkaConsumerService.java. Using fallback presentation compiler.
2026.03.02 23:28:41 INFO  no build target found for D:\CODING\JAVA\consumer-service\src\main\java\com\example\consumer_service\config\KafkaConsumerService.java. Using fallback presentation compiler.
2026.03.02 23:28:43 INFO  no build target found for D:\CODING\JAVA\consumer-service\src\main\java\com\example\consumer_service\config\KafkaConsumerService.java. Using fallback presentation compiler.
2026.03.02 23:28:43 INFO  no build target found for D:\CODING\JAVA\consumer-service\src\main\java\com\example\consumer_service\config\KafkaConsumerService.java. Using fallback presentation compiler.
2026.03.02 23:28:44 WARN  no build target for: D:\CODING\JAVA\consumer-service\src\main\java\com\example\consumer_service\config\KafkaConsumerService.java
2026.03.02 23:28:44 INFO  no build target found for D:\CODING\JAVA\consumer-service\src\main\java\com\example\consumer_service\config\KafkaConsumerService.java. Using fallback presentation compiler.
2026.03.02 23:29:16 INFO  no build target found for D:\CODING\JAVA\consumer-service\src\main\java\com\example\consumer_service\config\KafkaConsumerService.java. Using fallback presentation compiler.
Mar 02, 2026 11:29:16 PM org.eclipse.lsp4j.jsonrpc.RemoteEndpoint handleCancellation
WARNING: Unmatched cancel notification for request id 1480
2026.03.02 23:29:16 INFO  no build target found for D:\CODING\JAVA\consumer-service\src\main\java\com\example\consumer_service\config\KafkaConsumerService.java. Using fallback presentation compiler.
2026.03.02 23:29:19 INFO  no build target found for D:\CODING\JAVA\consumer-service\src\main\java\com\example\consumer_service\config\KafkaConsumerService.java. Using fallback presentation compiler.
2026.03.02 23:29:21 INFO  no build target found for D:\CODING\JAVA\consumer-service\src\main\java\com\example\consumer_service\config\KafkaConsumerService.java. Using fallback presentation compiler.
2026.03.02 23:29:21 INFO  no build target found for D:\CODING\JAVA\consumer-service\src\main\java\com\example\consumer_service\config\KafkaConsumerService.java. Using fallback presentation compiler.
2026.03.02 23:29:21 INFO  no build target found for D:\CODING\JAVA\consumer-service\src\main\java\com\example\consumer_service\config\KafkaConsumerService.java. Using fallback presentation compiler.
2026.03.02 23:29:21 INFO  no build target found for D:\CODING\JAVA\consumer-service\src\main\java\com\example\consumer_service\config\KafkaConsumerService.java. Using fallback presentation compiler.
2026.03.02 23:29:21 INFO  no build target found for D:\CODING\JAVA\consumer-service\src\main\java\com\example\consumer_service\config\KafkaConsumerService.java. Using fallback presentation compiler.
2026.03.02 23:29:22 INFO  no build target found for D:\CODING\JAVA\consumer-service\src\main\java\com\example\consumer_service\config\KafkaConsumerService.java. Using fallback presentation compiler.
2026.03.02 23:29:22 INFO  no build target found for D:\CODING\JAVA\consumer-service\src\main\java\com\example\consumer_service\config\KafkaConsumerService.java. Using fallback presentation compiler.
2026.03.02 23:29:22 INFO  no build target found for D:\CODING\JAVA\consumer-service\src\main\java\com\example\consumer_service\config\KafkaConsumerService.java. Using fallback presentation compiler.
2026.03.02 23:29:23 INFO  no build target found for D:\CODING\JAVA\consumer-service\src\main\java\com\example\consumer_service\config\KafkaConsumerService.java. Using fallback presentation compiler.
2026.03.02 23:29:23 WARN  no build target for: D:\CODING\JAVA\consumer-service\src\main\java\com\example\consumer_service\config\KafkaConsumerService.java
2026.03.02 23:29:23 INFO  no build target found for D:\CODING\JAVA\consumer-service\src\main\java\com\example\consumer_service\config\KafkaConsumerService.java. Using fallback presentation compiler.
2026.03.02 23:29:23 INFO  no build target found for D:\CODING\JAVA\consumer-service\src\main\java\com\example\consumer_service\config\KafkaConsumerService.java. Using fallback presentation compiler.
2026.03.02 23:29:24 INFO  no build target found for D:\CODING\JAVA\consumer-service\src\main\java\com\example\consumer_service\config\KafkaConsumerService.java. Using fallback presentation compiler.
2026.03.02 23:29:31 INFO  no build target found for D:\CODING\JAVA\consumer-service\src\main\java\com\example\consumer_service\config\KafkaConsumerService.java. Using fallback presentation compiler.
Mar 02, 2026 11:29:31 PM org.eclipse.lsp4j.jsonrpc.services.GenericEndpoint notify
INFO: Unsupported notification method: $/setTrace
2026.03.02 23:29:31 INFO  no build target found for D:\CODING\JAVA\consumer-service\src\main\java\com\example\consumer_service\config\KafkaConsumerService.java. Using fallback presentation compiler.
2026.03.02 23:29:31 INFO  no build target found for D:\CODING\JAVA\consumer-service\src\main\java\com\example\consumer_service\config\KafkaConsumerService.java. Using fallback presentation compiler.
2026.03.02 23:29:31 INFO  no build target found for D:\CODING\JAVA\consumer-service\src\main\java\com\example\consumer_service\config\KafkaConsumerService.java. Using fallback presentation compiler.
2026.03.02 23:29:31 INFO  no build target found for D:\CODING\JAVA\consumer-service\src\main\java\com\example\consumer_service\config\KafkaConsumerService.java. Using fallback presentation compiler.
2026.03.02 23:29:32 INFO  no build target found for D:\CODING\JAVA\consumer-service\src\main\java\com\example\consumer_service\config\KafkaConsumerService.java. Using fallback presentation compiler.
2026.03.02 23:29:32 WARN  no build target for: D:\CODING\JAVA\consumer-service\src\main\java\com\example\consumer_service\config\KafkaConsumerService.java
2026.03.02 23:29:32 INFO  no build target found for D:\CODING\JAVA\consumer-service\src\main\java\com\example\consumer_service\config\KafkaConsumerService.java. Using fallback presentation compiler.
2026.03.02 23:29:32 INFO  Created report: Optional[file:///D:/CODING/JAVA/consumer-service/src/main/java/com/example/consumer_service/config/KafkaConsumerService.java]
2026.03.02 23:29:32 INFO  empty definition using pc, found symbol in pc: java/lang/String# (full report at: "D:\CODING\JAVA\consumer-service\.metals\.reports\metals-full\2026-03-02\r_empty-definition_23-29-32-889.md")
2026.03.02 23:29:33 INFO  no build target found for D:\CODING\JAVA\consumer-service\src\main\java\com\example\consumer_service\config\KafkaConsumerService.java. Using fallback presentation compiler.
2026.03.02 23:29:33 INFO  no build target found for D:\CODING\JAVA\consumer-service\src\main\java\com\example\consumer_service\config\KafkaConsumerService.java. Using fallback presentation compiler.
2026.03.02 23:29:37 INFO  no build target found for D:\CODING\JAVA\consumer-service\src\main\java\com\example\consumer_service\config\KafkaConsumerService.java. Using fallback presentation compiler.
2026.03.02 23:29:37 INFO  no build target found for D:\CODING\JAVA\consumer-service\src\main\java\com\example\consumer_service\config\KafkaConsumerService.java. Using fallback presentation compiler.
2026.03.02 23:29:37 INFO  no build target found for D:\CODING\JAVA\consumer-service\src\main\java\com\example\consumer_service\config\KafkaConsumerService.java. Using fallback presentation compiler.
2026.03.02 23:29:37 INFO  no build target found for D:\CODING\JAVA\consumer-service\src\main\java\com\example\consumer_service\config\KafkaConsumerService.java. Using fallback presentation compiler.
2026.03.02 23:29:37 INFO  no build target found for D:\CODING\JAVA\consumer-service\src\main\java\com\example\consumer_service\config\KafkaConsumerService.java. Using fallback presentation compiler.
2026.03.02 23:29:38 WARN  Running javac-semanticdb failed for file:///D:/CODING/JAVA/consumer-service/src/main/java/com/example/consumer_service/config/KafkaConsumerService.java. Output:

2026.03.02 23:29:38 WARN  no build target for: D:\CODING\JAVA\consumer-service\src\main\java\com\example\consumer_service\config\KafkaConsumerService.java
2026.03.02 23:29:38 INFO  no build target found for D:\CODING\JAVA\consumer-service\src\main\java\com\example\consumer_service\config\KafkaConsumerService.java. Using fallback presentation compiler.
2026.03.02 23:29:38 INFO  no build target found for D:\CODING\JAVA\consumer-service\src\main\java\com\example\consumer_service\config\KafkaConsumerService.java. Using fallback presentation compiler.
2026.03.02 23:29:38 INFO  no build target found for D:\CODING\JAVA\consumer-service\src\main\java\com\example\consumer_service\config\KafkaConsumerService.java. Using fallback presentation compiler.
2026.03.02 23:29:39 INFO  no build target found for D:\CODING\JAVA\consumer-service\src\main\java\com\example\consumer_service\config\KafkaConsumerService.java. Using fallback presentation compiler.
2026.03.02 23:29:38 INFO  Created report: Optional[file:///D:/CODING/JAVA/consumer-service/src/main/java/com/example/consumer_service/config/KafkaConsumerService.java]
2026.03.02 23:29:38 INFO  empty definition using pc, found symbol in pc: _empty_/KafkaConsumerProperties# (full report at: "D:\CODING\JAVA\consumer-service\.metals\.reports\metals-full\2026-03-02\r_empty-definition_23-29-39-219.md")
2026.03.02 23:29:38 INFO  no build target found for D:\CODING\JAVA\consumer-service\src\main\java\com\example\consumer_service\config\KafkaConsumerService.java. Using fallback presentation compiler.
2026.03.02 23:29:40 INFO  no build target found for D:\CODING\JAVA\consumer-service\src\main\java\com\example\consumer_service\config\KafkaConsumerService.java. Using fallback presentation compiler.
2026.03.02 23:29:50 INFO  no build target found for D:\CODING\JAVA\consumer-service\src\main\java\com\example\consumer_service\config\KafkaConsumerService.java. Using fallback presentation compiler.
2026.03.02 23:29:50 INFO  no build target found for D:\CODING\JAVA\consumer-service\src\main\java\com\example\consumer_service\config\KafkaConsumerService.java. Using fallback presentation compiler.
2026.03.02 23:29:53 INFO  no build target found for D:\CODING\JAVA\consumer-service\src\main\java\com\example\consumer_service\config\KafkaConsumerService.java. Using fallback presentation compiler.
2026.03.02 23:30:10 INFO  no build target found for d:\CODING\JAVA\consumer-service\src\main\java\com\example\consumer_service\config\KafkaConsumerService.java. Using fallback presentation compiler.
2026.03.02 23:30:10 INFO  no build target found for d:\CODING\JAVA\consumer-service\src\main\java\com\example\consumer_service\config\KafkaConsumerService.java. Using fallback presentation compiler.
2026.03.02 23:30:10 INFO  no build target found for D:\CODING\JAVA\consumer-service\src\main\java\com\example\consumer_service\config\KafkaConsumerConfig.java. Using fallback presentation compiler.
2026.03.02 23:30:10 INFO  no build target found for D:\CODING\JAVA\consumer-service\src\main\java\com\example\consumer_service\config\KafkaConsumerConfig.java. Using fallback presentation compiler.
2026.03.02 23:30:10 INFO  no build target found for D:\CODING\JAVA\consumer-service\src\main\java\com\example\consumer_service\config\KafkaConsumerConfig.java. Using fallback presentation compiler.
2026.03.02 23:30:10 INFO  no build target found for D:\CODING\JAVA\consumer-service\src\main\java\com\example\consumer_service\config\KafkaConsumerConfig.java. Using fallback presentation compiler.
2026.03.02 23:30:11 INFO  no build target found for D:\CODING\JAVA\consumer-service\src\main\java\com\example\consumer_service\config\KafkaConsumerConfig.java. Using fallback presentation compiler.
2026.03.02 23:30:11 WARN  no build target for: D:\CODING\JAVA\consumer-service\src\main\java\com\example\consumer_service\config\KafkaConsumerConfig.java
2026.03.02 23:30:11 INFO  no build target found for D:\CODING\JAVA\consumer-service\src\main\java\com\example\consumer_service\config\KafkaConsumerConfig.java. Using fallback presentation compiler.
2026.03.02 23:30:11 INFO  no build target found for D:\CODING\JAVA\consumer-service\src\main\java\com\example\consumer_service\config\KafkaConsumerConfig.java. Using fallback presentation compiler.
2026.03.02 23:31:21 INFO  no build target found for D:\CODING\JAVA\consumer-service\src\main\java\com\example\consumer_service\scheduler\ConsumerScheduler.java. Using fallback presentation compiler.
2026.03.02 23:31:22 INFO  no build target found for D:\CODING\JAVA\consumer-service\src\main\java\com\example\consumer_service\scheduler\ConsumerScheduler.java. Using fallback presentation compiler.
2026.03.02 23:31:22 INFO  no build target found for D:\CODING\JAVA\consumer-service\src\main\java\com\example\consumer_service\scheduler\ConsumerScheduler.java. Using fallback presentation compiler.
2026.03.02 23:31:22 INFO  no build target found for D:\CODING\JAVA\consumer-service\src\main\java\com\example\consumer_service\scheduler\ConsumerScheduler.java. Using fallback presentation compiler.
2026.03.02 23:31:23 INFO  no build target found for D:\CODING\JAVA\consumer-service\src\main\java\com\example\consumer_service\scheduler\ConsumerScheduler.java. Using fallback presentation compiler.
2026.03.02 23:31:23 INFO  no build target found for D:\CODING\JAVA\consumer-service\src\main\java\com\example\consumer_service\scheduler\ConsumerScheduler.java. Using fallback presentation compiler.
2026.03.02 23:31:23 INFO  no build target found for D:\CODING\JAVA\consumer-service\src\main\java\com\example\consumer_service\scheduler\ConsumerScheduler.java. Using fallback presentation compiler.
2026.03.02 23:31:23 INFO  no build target found for D:\CODING\JAVA\consumer-service\src\main\java\com\example\consumer_service\scheduler\ConsumerScheduler.java. Using fallback presentation compiler.
2026.03.02 23:31:23 INFO  no build target found for D:\CODING\JAVA\consumer-service\src\main\java\com\example\consumer_service\scheduler\ConsumerScheduler.java. Using fallback presentation compiler.
2026.03.02 23:31:24 INFO  no build target found for D:\CODING\JAVA\consumer-service\src\main\java\com\example\consumer_service\scheduler\ConsumerScheduler.java. Using fallback presentation compiler.
2026.03.02 23:31:24 INFO  no build target found for D:\CODING\JAVA\consumer-service\src\main\java\com\example\consumer_service\scheduler\ConsumerScheduler.java. Using fallback presentation compiler.
2026.03.02 23:31:24 INFO  no build target found for D:\CODING\JAVA\consumer-service\src\main\java\com\example\consumer_service\scheduler\ConsumerScheduler.java. Using fallback presentation compiler.
2026.03.02 23:31:24 INFO  no build target found for D:\CODING\JAVA\consumer-service\src\main\java\com\example\consumer_service\scheduler\ConsumerScheduler.java. Using fallback presentation compiler.
2026.03.02 23:31:24 INFO  no build target found for D:\CODING\JAVA\consumer-service\src\main\java\com\example\consumer_service\scheduler\ConsumerScheduler.java. Using fallback presentation compiler.
2026.03.02 23:31:24 INFO  no build target found for D:\CODING\JAVA\consumer-service\src\main\java\com\example\consumer_service\scheduler\ConsumerScheduler.java. Using fallback presentation compiler.
2026.03.02 23:31:24 INFO  no build target found for D:\CODING\JAVA\consumer-service\src\main\java\com\example\consumer_service\scheduler\ConsumerScheduler.java. Using fallback presentation compiler.
2026.03.02 23:31:25 INFO  no build target found for D:\CODING\JAVA\consumer-service\src\main\java\com\example\consumer_service\scheduler\ConsumerScheduler.java. Using fallback presentation compiler.
2026.03.02 23:31:24 INFO  no build target found for D:\CODING\JAVA\consumer-service\src\main\java\com\example\consumer_service\scheduler\ConsumerScheduler.java. Using fallback presentation compiler.
2026.03.02 23:31:25 INFO  no build target found for D:\CODING\JAVA\consumer-service\src\main\java\com\example\consumer_service\scheduler\ConsumerScheduler.java. Using fallback presentation compiler.
2026.03.02 23:31:25 INFO  no build target found for D:\CODING\JAVA\consumer-service\src\main\java\com\example\consumer_service\scheduler\ConsumerScheduler.java. Using fallback presentation compiler.
2026.03.02 23:31:26 WARN  no build target for: D:\CODING\JAVA\consumer-service\src\main\java\com\example\consumer_service\scheduler\ConsumerScheduler.java
2026.03.02 23:31:26 INFO  no build target found for D:\CODING\JAVA\consumer-service\src\main\java\com\example\consumer_service\scheduler\ConsumerScheduler.java. Using fallback presentation compiler.
2026.03.02 23:33:54 INFO  no build target found for D:\CODING\JAVA\consumer-service\src\main\java\com\example\consumer_service\service\KafkaConsumerListener.java. Using fallback presentation compiler.
2026.03.02 23:33:55 INFO  no build target found for D:\CODING\JAVA\consumer-service\src\main\java\com\example\consumer_service\service\KafkaConsumerListener.java. Using fallback presentation compiler.
2026.03.02 23:33:55 INFO  no build target found for D:\CODING\JAVA\consumer-service\src\main\java\com\example\consumer_service\service\KafkaConsumerListener.java. Using fallback presentation compiler.
2026.03.02 23:33:55 INFO  no build target found for D:\CODING\JAVA\consumer-service\src\main\java\com\example\consumer_service\service\KafkaConsumerListener.java. Using fallback presentation compiler.
2026.03.02 23:33:55 WARN  no build target for: D:\CODING\JAVA\consumer-service\src\main\java\com\example\consumer_service\service\KafkaConsumerListener.java
2026.03.02 23:33:55 INFO  no build target found for D:\CODING\JAVA\consumer-service\src\main\java\com\example\consumer_service\service\KafkaConsumerListener.java. Using fallback presentation compiler.
2026.03.02 23:34:06 INFO  no build target found for D:\CODING\JAVA\consumer-service\src\main\java\com\example\consumer_service\service\KafkaConsumerListener.java. Using fallback presentation compiler.
2026.03.02 23:34:06 INFO  no build target found for D:\CODING\JAVA\consumer-service\src\main\java\com\example\consumer_service\service\KafkaConsumerListener.java. Using fallback presentation compiler.
2026.03.02 23:34:07 INFO  no build target found for D:\CODING\JAVA\consumer-service\src\main\java\com\example\consumer_service\service\KafkaConsumerListener.java. Using fallback presentation compiler.
2026.03.02 23:34:07 INFO  no build target found for D:\CODING\JAVA\consumer-service\src\main\java\com\example\consumer_service\service\KafkaConsumerListener.java. Using fallback presentation compiler.
2026.03.02 23:34:07 INFO  no build target found for D:\CODING\JAVA\consumer-service\src\main\java\com\example\consumer_service\service\KafkaConsumerListener.java. Using fallback presentation compiler.
2026.03.02 23:34:07 INFO  Created report: Optional[file:///D:/CODING/JAVA/consumer-service/src/main/java/com/example/consumer_service/service/KafkaConsumerListener.java]
2026.03.02 23:34:07 INFO  empty definition using pc, found symbol in pc:  (full report at: "D:\CODING\JAVA\consumer-service\.metals\.reports\metals-full\2026-03-02\r_empty-definition_23-34-07-845.md")
2026.03.02 23:34:07 INFO  Created report: Optional[file:///D:/CODING/JAVA/consumer-service/src/main/java/com/example/consumer_service/service/KafkaConsumerListener.java]
2026.03.02 23:34:07 INFO  empty definition using pc, found symbol in pc: _empty_/Paths# (full report at: "D:\CODING\JAVA\consumer-service\.metals\.reports\metals-full\2026-03-02\r_empty-definition_23-34-07-869.md")
2026.03.02 23:34:07 INFO  no build target found for D:\CODING\JAVA\consumer-service\src\main\java\com\example\consumer_service\service\KafkaConsumerListener.java. Using fallback presentation compiler.
2026.03.02 23:34:07 INFO  no build target found for D:\CODING\JAVA\consumer-service\src\main\java\com\example\consumer_service\service\KafkaConsumerListener.java. Using fallback presentation compiler.
2026.03.02 23:34:07 INFO  no build target found for D:\CODING\JAVA\consumer-service\src\main\java\com\example\consumer_service\service\KafkaConsumerListener.java. Using fallback presentation compiler.
2026.03.02 23:34:07 INFO  no build target found for D:\CODING\JAVA\consumer-service\src\main\java\com\example\consumer_service\service\KafkaConsumerListener.java. Using fallback presentation compiler.
2026.03.02 23:34:08 INFO  no build target found for D:\CODING\JAVA\consumer-service\src\main\java\com\example\consumer_service\service\KafkaConsumerListener.java. Using fallback presentation compiler.
2026.03.02 23:34:08 INFO  no build target found for D:\CODING\JAVA\consumer-service\src\main\java\com\example\consumer_service\service\KafkaConsumerListener.java. Using fallback presentation compiler.
2026.03.02 23:34:09 INFO  no build target found for D:\CODING\JAVA\consumer-service\src\main\java\com\example\consumer_service\service\KafkaConsumerListener.java. Using fallback presentation compiler.
2026.03.02 23:34:09 INFO  no build target found for D:\CODING\JAVA\consumer-service\src\main\java\com\example\consumer_service\service\KafkaConsumerListener.java. Using fallback presentation compiler.
2026.03.02 23:34:11 INFO  no build target found for D:\CODING\JAVA\consumer-service\src\main\java\com\example\consumer_service\service\KafkaConsumerListener.java. Using fallback presentation compiler.
2026.03.02 23:34:11 INFO  empty definition using pc, found symbol in pc:  (full report at: "D:\CODING\JAVA\consumer-service\.metals\.reports\metals-full\2026-03-02\r_empty-definition_23-34-07-845.md")
2026.03.02 23:34:11 INFO  no build target found for D:\CODING\JAVA\consumer-service\src\main\java\com\example\consumer_service\service\KafkaConsumerListener.java. Using fallback presentation compiler.
2026.03.02 23:34:11 INFO  no build target found for D:\CODING\JAVA\consumer-service\src\main\java\com\example\consumer_service\service\KafkaConsumerListener.java. Using fallback presentation compiler.
2026.03.02 23:34:11 INFO  no build target found for D:\CODING\JAVA\consumer-service\src\main\java\com\example\consumer_service\service\KafkaConsumerListener.java. Using fallback presentation compiler.
2026.03.02 23:34:30 INFO  no build target found for D:\CODING\JAVA\consumer-service\src\main\java\com\example\consumer_service\service\KafkaConsumerListener.java. Using fallback presentation compiler.
2026.03.02 23:34:30 INFO  no build target found for D:\CODING\JAVA\consumer-service\src\main\java\com\example\consumer_service\service\KafkaConsumerListener.java. Using fallback presentation compiler.
2026.03.02 23:34:31 INFO  no build target found for D:\CODING\JAVA\consumer-service\src\main\java\com\example\consumer_service\service\KafkaConsumerListener.java. Using fallback presentation compiler.
2026.03.02 23:34:30 INFO  no build target found for D:\CODING\JAVA\consumer-service\src\main\java\com\example\consumer_service\service\KafkaConsumerListener.java. Using fallback presentation compiler.
2026.03.02 23:34:30 INFO  no build target found for D:\CODING\JAVA\consumer-service\src\main\java\com\example\consumer_service\service\KafkaConsumerListener.java. Using fallback presentation compiler.
Mar 02, 2026 11:34:31 PM org.eclipse.lsp4j.jsonrpc.RemoteEndpoint handleCancellation
WARNING: Unmatched cancel notification for request id 1649
2026.03.02 23:34:33 INFO  no build target found for D:\CODING\JAVA\consumer-service\src\main\java\com\example\consumer_service\service\KafkaConsumerListener.java. Using fallback presentation compiler.
2026.03.02 23:34:33 INFO  no build target found for D:\CODING\JAVA\consumer-service\src\main\java\com\example\consumer_service\service\KafkaConsumerListener.java. Using fallback presentation compiler.
2026.03.02 23:34:34 INFO  no build target found for D:\CODING\JAVA\consumer-service\src\main\java\com\example\consumer_service\service\KafkaConsumerListener.java. Using fallback presentation compiler.
2026.03.02 23:34:34 INFO  no build target found for D:\CODING\JAVA\consumer-service\src\main\java\com\example\consumer_service\service\KafkaConsumerListener.java. Using fallback presentation compiler.
2026.03.02 23:34:34 INFO  no build target found for D:\CODING\JAVA\consumer-service\src\main\java\com\example\consumer_service\service\KafkaConsumerListener.java. Using fallback presentation compiler.
2026.03.02 23:34:34 INFO  no build target found for D:\CODING\JAVA\consumer-service\src\main\java\com\example\consumer_service\service\KafkaConsumerListener.java. Using fallback presentation compiler.
2026.03.02 23:34:34 INFO  Created report: Optional[file:///D:/CODING/JAVA/consumer-service/src/main/java/com/example/consumer_service/service/KafkaConsumerListener.java]
2026.03.02 23:34:34 INFO  empty definition using pc, found symbol in pc: java/nio/file/Files#newBufferedWriter(+1). (full report at: "D:\CODING\JAVA\consumer-service\.metals\.reports\metals-full\2026-03-02\r_empty-definition_23-34-34-604.md")
2026.03.02 23:34:35 WARN  no build target for: D:\CODING\JAVA\consumer-service\src\main\java\com\example\consumer_service\service\KafkaConsumerListener.java
2026.03.02 23:34:34 INFO  no build target found for D:\CODING\JAVA\consumer-service\src\main\java\com\example\consumer_service\service\KafkaConsumerListener.java. Using fallback presentation compiler.
2026.03.02 23:34:37 INFO  no build target found for D:\CODING\JAVA\consumer-service\src\main\java\com\example\consumer_service\service\KafkaConsumerListener.java. Using fallback presentation compiler.
2026.03.02 23:34:40 INFO  no build target found for D:\CODING\JAVA\consumer-service\src\main\java\com\example\consumer_service\service\KafkaConsumerListener.java. Using fallback presentation compiler.
2026.03.02 23:34:40 INFO  no build target found for D:\CODING\JAVA\consumer-service\src\main\java\com\example\consumer_service\service\KafkaConsumerListener.java. Using fallback presentation compiler.
2026.03.02 23:34:41 INFO  no build target found for D:\CODING\JAVA\consumer-service\src\main\java\com\example\consumer_service\service\KafkaConsumerListener.java. Using fallback presentation compiler.
2026.03.02 23:34:41 INFO  no build target found for D:\CODING\JAVA\consumer-service\src\main\java\com\example\consumer_service\service\KafkaConsumerListener.java. Using fallback presentation compiler.
2026.03.02 23:34:41 INFO  no build target found for D:\CODING\JAVA\consumer-service\src\main\java\com\example\consumer_service\service\KafkaConsumerListener.java. Using fallback presentation compiler.
2026.03.02 23:34:41 INFO  no build target found for D:\CODING\JAVA\consumer-service\src\main\java\com\example\consumer_service\service\KafkaConsumerListener.java. Using fallback presentation compiler.
2026.03.02 23:34:41 INFO  no build target found for D:\CODING\JAVA\consumer-service\src\main\java\com\example\consumer_service\service\KafkaConsumerListener.java. Using fallback presentation compiler.
2026.03.02 23:34:41 INFO  no build target found for D:\CODING\JAVA\consumer-service\src\main\java\com\example\consumer_service\service\KafkaConsumerListener.java. Using fallback presentation compiler.
2026.03.02 23:34:42 INFO  no build target found for D:\CODING\JAVA\consumer-service\src\main\java\com\example\consumer_service\service\KafkaConsumerListener.java. Using fallback presentation compiler.
2026.03.02 23:34:42 INFO  no build target found for D:\CODING\JAVA\consumer-service\src\main\java\com\example\consumer_service\service\KafkaConsumerListener.java. Using fallback presentation compiler.
2026.03.02 23:34:42 INFO  no build target found for D:\CODING\JAVA\consumer-service\src\main\java\com\example\consumer_service\service\KafkaConsumerListener.java. Using fallback presentation compiler.
2026.03.02 23:34:42 INFO  no build target found for D:\CODING\JAVA\consumer-service\src\main\java\com\example\consumer_service\service\KafkaConsumerListener.java. Using fallback presentation compiler.
2026.03.02 23:34:42 INFO  no build target found for D:\CODING\JAVA\consumer-service\src\main\java\com\example\consumer_service\service\KafkaConsumerListener.java. Using fallback presentation compiler.
2026.03.02 23:34:42 INFO  no build target found for D:\CODING\JAVA\consumer-service\src\main\java\com\example\consumer_service\service\KafkaConsumerListener.java. Using fallback presentation compiler.
2026.03.02 23:34:42 INFO  no build target found for D:\CODING\JAVA\consumer-service\src\main\java\com\example\consumer_service\service\KafkaConsumerListener.java. Using fallback presentation compiler.
2026.03.02 23:34:43 INFO  no build target found for D:\CODING\JAVA\consumer-service\src\main\java\com\example\consumer_service\service\KafkaConsumerListener.java. Using fallback presentation compiler.
2026.03.02 23:34:43 INFO  no build target found for D:\CODING\JAVA\consumer-service\src\main\java\com\example\consumer_service\service\KafkaConsumerListener.java. Using fallback presentation compiler.
2026.03.02 23:34:43 WARN  no build target for: D:\CODING\JAVA\consumer-service\src\main\java\com\example\consumer_service\service\KafkaConsumerListener.java
2026.03.02 23:34:43 INFO  no build target found for D:\CODING\JAVA\consumer-service\src\main\java\com\example\consumer_service\service\KafkaConsumerListener.java. Using fallback presentation compiler.
2026.03.02 23:34:45 WARN  no build target for: D:\CODING\JAVA\consumer-service\src\main\java\com\example\consumer_service\scheduler\ConsumerScheduler.java
2026.03.02 23:34:45 INFO  no build target found for D:\CODING\JAVA\consumer-service\src\main\java\com\example\consumer_service\scheduler\ConsumerScheduler.java. Using fallback presentation compiler.
2026.03.02 23:34:45 INFO  no build target found for D:\CODING\JAVA\consumer-service\src\main\java\com\example\consumer_service\scheduler\ConsumerScheduler.java. Using fallback presentation compiler.
2026.03.02 23:34:47 INFO  no build target found for D:\CODING\JAVA\consumer-service\src\main\java\com\example\consumer_service\scheduler\ConsumerScheduler.java. Using fallback presentation compiler.
2026.03.02 23:34:47 INFO  no build target found for D:\CODING\JAVA\consumer-service\src\main\java\com\example\consumer_service\scheduler\ConsumerScheduler.java. Using fallback presentation compiler.
2026.03.02 23:34:47 INFO  no build target found for D:\CODING\JAVA\consumer-service\src\main\java\com\example\consumer_service\scheduler\ConsumerScheduler.java. Using fallback presentation compiler.
2026.03.02 23:34:47 INFO  no build target found for D:\CODING\JAVA\consumer-service\src\main\java\com\example\consumer_service\scheduler\ConsumerScheduler.java. Using fallback presentation compiler.
2026.03.02 23:34:47 INFO  no build target found for D:\CODING\JAVA\consumer-service\src\main\java\com\example\consumer_service\scheduler\ConsumerScheduler.java. Using fallback presentation compiler.
2026.03.02 23:34:48 INFO  no build target found for D:\CODING\JAVA\consumer-service\src\main\java\com\example\consumer_service\scheduler\ConsumerScheduler.java. Using fallback presentation compiler.
2026.03.02 23:34:47 INFO  no build target found for D:\CODING\JAVA\consumer-service\src\main\java\com\example\consumer_service\scheduler\ConsumerScheduler.java. Using fallback presentation compiler.
2026.03.02 23:34:48 INFO  no build target found for D:\CODING\JAVA\consumer-service\src\main\java\com\example\consumer_service\scheduler\ConsumerScheduler.java. Using fallback presentation compiler.
2026.03.02 23:34:48 INFO  no build target found for D:\CODING\JAVA\consumer-service\src\main\java\com\example\consumer_service\scheduler\ConsumerScheduler.java. Using fallback presentation compiler.
2026.03.02 23:34:48 INFO  no build target found for D:\CODING\JAVA\consumer-service\src\main\java\com\example\consumer_service\scheduler\ConsumerScheduler.java. Using fallback presentation compiler.
2026.03.02 23:34:48 INFO  no build target found for D:\CODING\JAVA\consumer-service\src\main\java\com\example\consumer_service\scheduler\ConsumerScheduler.java. Using fallback presentation compiler.
2026.03.02 23:34:49 INFO  no build target found for D:\CODING\JAVA\consumer-service\src\main\java\com\example\consumer_service\scheduler\ConsumerScheduler.java. Using fallback presentation compiler.
2026.03.02 23:34:48 INFO  no build target found for D:\CODING\JAVA\consumer-service\src\main\java\com\example\consumer_service\scheduler\ConsumerScheduler.java. Using fallback presentation compiler.
2026.03.02 23:34:48 INFO  no build target found for D:\CODING\JAVA\consumer-service\src\main\java\com\example\consumer_service\scheduler\ConsumerScheduler.java. Using fallback presentation compiler.
2026.03.02 23:34:49 INFO  no build target found for D:\CODING\JAVA\consumer-service\src\main\java\com\example\consumer_service\scheduler\ConsumerScheduler.java. Using fallback presentation compiler.
2026.03.02 23:34:49 INFO  no build target found for D:\CODING\JAVA\consumer-service\src\main\java\com\example\consumer_service\scheduler\ConsumerScheduler.java. Using fallback presentation compiler.
2026.03.02 23:34:49 INFO  no build target found for D:\CODING\JAVA\consumer-service\src\main\java\com\example\consumer_service\scheduler\ConsumerScheduler.java. Using fallback presentation compiler.
2026.03.02 23:34:49 INFO  no build target found for D:\CODING\JAVA\consumer-service\src\main\java\com\example\consumer_service\scheduler\ConsumerScheduler.java. Using fallback presentation compiler.
2026.03.02 23:34:49 INFO  no build target found for D:\CODING\JAVA\consumer-service\src\main\java\com\example\consumer_service\scheduler\ConsumerScheduler.java. Using fallback presentation compiler.
2026.03.02 23:34:49 INFO  no build target found for D:\CODING\JAVA\consumer-service\src\main\java\com\example\consumer_service\scheduler\ConsumerScheduler.java. Using fallback presentation compiler.
2026.03.02 23:34:49 INFO  no build target found for D:\CODING\JAVA\consumer-service\src\main\java\com\example\consumer_service\scheduler\ConsumerScheduler.java. Using fallback presentation compiler.
2026.03.02 23:34:50 INFO  no build target found for D:\CODING\JAVA\consumer-service\src\main\java\com\example\consumer_service\scheduler\ConsumerScheduler.java. Using fallback presentation compiler.
2026.03.02 23:34:49 INFO  no build target found for D:\CODING\JAVA\consumer-service\src\main\java\com\example\consumer_service\scheduler\ConsumerScheduler.java. Using fallback presentation compiler.
2026.03.02 23:34:49 INFO  no build target found for D:\CODING\JAVA\consumer-service\src\main\java\com\example\consumer_service\scheduler\ConsumerScheduler.java. Using fallback presentation compiler.
2026.03.02 23:34:49 INFO  no build target found for D:\CODING\JAVA\consumer-service\src\main\java\com\example\consumer_service\scheduler\ConsumerScheduler.java. Using fallback presentation compiler.
2026.03.02 23:34:50 INFO  no build target found for D:\CODING\JAVA\consumer-service\src\main\java\com\example\consumer_service\scheduler\ConsumerScheduler.java. Using fallback presentation compiler.
2026.03.02 23:34:50 INFO  no build target found for D:\CODING\JAVA\consumer-service\src\main\java\com\example\consumer_service\scheduler\ConsumerScheduler.java. Using fallback presentation compiler.
2026.03.02 23:34:50 INFO  no build target found for D:\CODING\JAVA\consumer-service\src\main\java\com\example\consumer_service\scheduler\ConsumerScheduler.java. Using fallback presentation compiler.
2026.03.02 23:34:50 INFO  no build target found for D:\CODING\JAVA\consumer-service\src\main\java\com\example\consumer_service\scheduler\ConsumerScheduler.java. Using fallback presentation compiler.
2026.03.02 23:34:50 INFO  no build target found for D:\CODING\JAVA\consumer-service\src\main\java\com\example\consumer_service\scheduler\ConsumerScheduler.java. Using fallback presentation compiler.
2026.03.02 23:34:51 INFO  no build target found for D:\CODING\JAVA\consumer-service\src\main\java\com\example\consumer_service\scheduler\ConsumerScheduler.java. Using fallback presentation compiler.
2026.03.02 23:34:51 INFO  no build target found for D:\CODING\JAVA\consumer-service\src\main\java\com\example\consumer_service\scheduler\ConsumerScheduler.java. Using fallback presentation compiler.
2026.03.02 23:34:51 INFO  no build target found for D:\CODING\JAVA\consumer-service\src\main\java\com\example\consumer_service\scheduler\ConsumerScheduler.java. Using fallback presentation compiler.
2026.03.02 23:34:52 INFO  no build target found for D:\CODING\JAVA\consumer-service\src\main\java\com\example\consumer_service\scheduler\ConsumerScheduler.java. Using fallback presentation compiler.
2026.03.02 23:34:51 INFO  no build target found for D:\CODING\JAVA\consumer-service\src\main\java\com\example\consumer_service\scheduler\ConsumerScheduler.java. Using fallback presentation compiler.
2026.03.02 23:34:51 INFO  no build target found for D:\CODING\JAVA\consumer-service\src\main\java\com\example\consumer_service\scheduler\ConsumerScheduler.java. Using fallback presentation compiler.
2026.03.02 23:34:52 INFO  no build target found for D:\CODING\JAVA\consumer-service\src\main\java\com\example\consumer_service\scheduler\ConsumerScheduler.java. Using fallback presentation compiler.
2026.03.02 23:34:53 INFO  no build target found for D:\CODING\JAVA\consumer-service\src\main\java\com\example\consumer_service\scheduler\ConsumerScheduler.java. Using fallback presentation compiler.
2026.03.02 23:34:53 INFO  no build target found for D:\CODING\JAVA\consumer-service\src\main\java\com\example\consumer_service\scheduler\ConsumerScheduler.java. Using fallback presentation compiler.
2026.03.02 23:34:53 INFO  no build target found for D:\CODING\JAVA\consumer-service\src\main\java\com\example\consumer_service\scheduler\ConsumerScheduler.java. Using fallback presentation compiler.
2026.03.02 23:34:53 INFO  no build target found for D:\CODING\JAVA\consumer-service\src\main\java\com\example\consumer_service\scheduler\ConsumerScheduler.java. Using fallback presentation compiler.
2026.03.02 23:34:53 INFO  no build target found for D:\CODING\JAVA\consumer-service\src\main\java\com\example\consumer_service\scheduler\ConsumerScheduler.java. Using fallback presentation compiler.
2026.03.02 23:34:54 INFO  no build target found for D:\CODING\JAVA\consumer-service\src\main\java\com\example\consumer_service\scheduler\ConsumerScheduler.java. Using fallback presentation compiler.
2026.03.02 23:34:54 INFO  no build target found for D:\CODING\JAVA\consumer-service\src\main\java\com\example\consumer_service\scheduler\ConsumerScheduler.java. Using fallback presentation compiler.
2026.03.02 23:34:54 INFO  no build target found for D:\CODING\JAVA\consumer-service\src\main\java\com\example\consumer_service\scheduler\ConsumerScheduler.java. Using fallback presentation compiler.
2026.03.02 23:34:54 INFO  no build target found for D:\CODING\JAVA\consumer-service\src\main\java\com\example\consumer_service\scheduler\ConsumerScheduler.java. Using fallback presentation compiler.
Mar 02, 2026 11:34:54 PM org.eclipse.lsp4j.jsonrpc.RemoteEndpoint handleCancellation
WARNING: Unmatched cancel notification for request id 1767
2026.03.02 23:34:54 INFO  no build target found for D:\CODING\JAVA\consumer-service\src\main\java\com\example\consumer_service\scheduler\ConsumerScheduler.java. Using fallback presentation compiler.
2026.03.02 23:34:54 INFO  no build target found for D:\CODING\JAVA\consumer-service\src\main\java\com\example\consumer_service\scheduler\ConsumerScheduler.java. Using fallback presentation compiler.
2026.03.02 23:34:54 INFO  no build target found for D:\CODING\JAVA\consumer-service\src\main\java\com\example\consumer_service\scheduler\ConsumerScheduler.java. Using fallback presentation compiler.
2026.03.02 23:34:54 INFO  no build target found for D:\CODING\JAVA\consumer-service\src\main\java\com\example\consumer_service\scheduler\ConsumerScheduler.java. Using fallback presentation compiler.
2026.03.02 23:34:54 INFO  no build target found for D:\CODING\JAVA\consumer-service\src\main\java\com\example\consumer_service\scheduler\ConsumerScheduler.java. Using fallback presentation compiler.
2026.03.02 23:34:55 INFO  no build target found for D:\CODING\JAVA\consumer-service\src\main\java\com\example\consumer_service\scheduler\ConsumerScheduler.java. Using fallback presentation compiler.
2026.03.02 23:34:55 INFO  no build target found for D:\CODING\JAVA\consumer-service\src\main\java\com\example\consumer_service\scheduler\ConsumerScheduler.java. Using fallback presentation compiler.
2026.03.02 23:34:55 INFO  no build target found for D:\CODING\JAVA\consumer-service\src\main\java\com\example\consumer_service\scheduler\ConsumerScheduler.java. Using fallback presentation compiler.
2026.03.02 23:34:55 INFO  no build target found for D:\CODING\JAVA\consumer-service\src\main\java\com\example\consumer_service\scheduler\ConsumerScheduler.java. Using fallback presentation compiler.
2026.03.02 23:34:55 INFO  no build target found for D:\CODING\JAVA\consumer-service\src\main\java\com\example\consumer_service\scheduler\ConsumerScheduler.java. Using fallback presentation compiler.
2026.03.02 23:34:56 INFO  no build target found for D:\CODING\JAVA\consumer-service\src\main\java\com\example\consumer_service\scheduler\ConsumerScheduler.java. Using fallback presentation compiler.
2026.03.02 23:34:56 INFO  no build target found for D:\CODING\JAVA\consumer-service\src\main\java\com\example\consumer_service\scheduler\ConsumerScheduler.java. Using fallback presentation compiler.
2026.03.02 23:34:56 INFO  no build target found for D:\CODING\JAVA\consumer-service\src\main\java\com\example\consumer_service\scheduler\ConsumerScheduler.java. Using fallback presentation compiler.
2026.03.02 23:34:56 INFO  no build target found for D:\CODING\JAVA\consumer-service\src\main\java\com\example\consumer_service\scheduler\ConsumerScheduler.java. Using fallback presentation compiler.
2026.03.02 23:34:57 INFO  no build target found for D:\CODING\JAVA\consumer-service\src\main\java\com\example\consumer_service\scheduler\ConsumerScheduler.java. Using fallback presentation compiler.
2026.03.02 23:34:57 INFO  no build target found for D:\CODING\JAVA\consumer-service\src\main\java\com\example\consumer_service\scheduler\ConsumerScheduler.java. Using fallback presentation compiler.
2026.03.02 23:34:57 INFO  no build target found for D:\CODING\JAVA\consumer-service\src\main\java\com\example\consumer_service\scheduler\ConsumerScheduler.java. Using fallback presentation compiler.
2026.03.02 23:34:57 INFO  no build target found for D:\CODING\JAVA\consumer-service\src\main\java\com\example\consumer_service\scheduler\ConsumerScheduler.java. Using fallback presentation compiler.
2026.03.02 23:34:57 INFO  no build target found for D:\CODING\JAVA\consumer-service\src\main\java\com\example\consumer_service\scheduler\ConsumerScheduler.java. Using fallback presentation compiler.
2026.03.02 23:34:57 INFO  no build target found for D:\CODING\JAVA\consumer-service\src\main\java\com\example\consumer_service\scheduler\ConsumerScheduler.java. Using fallback presentation compiler.
2026.03.02 23:34:57 INFO  no build target found for D:\CODING\JAVA\consumer-service\src\main\java\com\example\consumer_service\scheduler\ConsumerScheduler.java. Using fallback presentation compiler.
2026.03.02 23:34:57 INFO  no build target found for D:\CODING\JAVA\consumer-service\src\main\java\com\example\consumer_service\scheduler\ConsumerScheduler.java. Using fallback presentation compiler.
2026.03.02 23:34:58 INFO  no build target found for D:\CODING\JAVA\consumer-service\src\main\java\com\example\consumer_service\scheduler\ConsumerScheduler.java. Using fallback presentation compiler.
2026.03.02 23:34:58 INFO  no build target found for D:\CODING\JAVA\consumer-service\src\main\java\com\example\consumer_service\scheduler\ConsumerScheduler.java. Using fallback presentation compiler.
2026.03.02 23:34:58 INFO  no build target found for D:\CODING\JAVA\consumer-service\src\main\java\com\example\consumer_service\scheduler\ConsumerScheduler.java. Using fallback presentation compiler.
2026.03.02 23:34:58 INFO  no build target found for D:\CODING\JAVA\consumer-service\src\main\java\com\example\consumer_service\scheduler\ConsumerScheduler.java. Using fallback presentation compiler.
2026.03.02 23:34:58 INFO  no build target found for D:\CODING\JAVA\consumer-service\src\main\java\com\example\consumer_service\scheduler\ConsumerScheduler.java. Using fallback presentation compiler.
2026.03.02 23:34:58 INFO  no build target found for D:\CODING\JAVA\consumer-service\src\main\java\com\example\consumer_service\scheduler\ConsumerScheduler.java. Using fallback presentation compiler.
2026.03.02 23:34:59 INFO  no build target found for D:\CODING\JAVA\consumer-service\src\main\java\com\example\consumer_service\scheduler\ConsumerScheduler.java. Using fallback presentation compiler.
2026.03.02 23:34:58 INFO  no build target found for D:\CODING\JAVA\consumer-service\src\main\java\com\example\consumer_service\scheduler\ConsumerScheduler.java. Using fallback presentation compiler.
2026.03.02 23:34:59 INFO  no build target found for D:\CODING\JAVA\consumer-service\src\main\java\com\example\consumer_service\scheduler\ConsumerScheduler.java. Using fallback presentation compiler.
2026.03.02 23:34:59 INFO  no build target found for D:\CODING\JAVA\consumer-service\src\main\java\com\example\consumer_service\scheduler\ConsumerScheduler.java. Using fallback presentation compiler.
2026.03.02 23:34:59 INFO  no build target found for D:\CODING\JAVA\consumer-service\src\main\java\com\example\consumer_service\scheduler\ConsumerScheduler.java. Using fallback presentation compiler.
2026.03.02 23:35:00 INFO  no build target found for D:\CODING\JAVA\consumer-service\src\main\java\com\example\consumer_service\scheduler\ConsumerScheduler.java. Using fallback presentation compiler.
2026.03.02 23:35:00 INFO  no build target found for D:\CODING\JAVA\consumer-service\src\main\java\com\example\consumer_service\scheduler\ConsumerScheduler.java. Using fallback presentation compiler.
2026.03.02 23:35:01 INFO  no build target found for D:\CODING\JAVA\consumer-service\src\main\java\com\example\consumer_service\scheduler\ConsumerScheduler.java. Using fallback presentation compiler.
2026.03.02 23:35:00 INFO  no build target found for D:\CODING\JAVA\consumer-service\src\main\java\com\example\consumer_service\scheduler\ConsumerScheduler.java. Using fallback presentation compiler.
2026.03.02 23:35:02 INFO  no build target found for D:\CODING\JAVA\consumer-service\src\main\java\com\example\consumer_service\scheduler\ConsumerScheduler.java. Using fallback presentation compiler.
2026.03.02 23:35:02 INFO  no build target found for D:\CODING\JAVA\consumer-service\src\main\java\com\example\consumer_service\scheduler\ConsumerScheduler.java. Using fallback presentation compiler.
2026.03.02 23:35:04 INFO  no build target found for D:\CODING\JAVA\consumer-service\src\main\java\com\example\consumer_service\scheduler\ConsumerScheduler.java. Using fallback presentation compiler.
2026.03.02 23:35:04 INFO  no build target found for D:\CODING\JAVA\consumer-service\src\main\java\com\example\consumer_service\scheduler\ConsumerScheduler.java. Using fallback presentation compiler.
2026.03.02 23:35:04 INFO  no build target found for D:\CODING\JAVA\consumer-service\src\main\java\com\example\consumer_service\scheduler\ConsumerScheduler.java. Using fallback presentation compiler.
2026.03.02 23:35:04 INFO  no build target found for D:\CODING\JAVA\consumer-service\src\main\java\com\example\consumer_service\scheduler\ConsumerScheduler.java. Using fallback presentation compiler.
2026.03.02 23:35:04 INFO  no build target found for D:\CODING\JAVA\consumer-service\src\main\java\com\example\consumer_service\scheduler\ConsumerScheduler.java. Using fallback presentation compiler.
2026.03.02 23:35:05 INFO  no build target found for D:\CODING\JAVA\consumer-service\src\main\java\com\example\consumer_service\scheduler\ConsumerScheduler.java. Using fallback presentation compiler.
2026.03.02 23:35:05 INFO  no build target found for D:\CODING\JAVA\consumer-service\src\main\java\com\example\consumer_service\scheduler\ConsumerScheduler.java. Using fallback presentation compiler.
2026.03.02 23:35:05 INFO  no build target found for D:\CODING\JAVA\consumer-service\src\main\java\com\example\consumer_service\scheduler\ConsumerScheduler.java. Using fallback presentation compiler.
2026.03.02 23:35:09 INFO  no build target found for D:\CODING\JAVA\consumer-service\src\main\java\com\example\consumer_service\scheduler\ConsumerScheduler.java. Using fallback presentation compiler.
2026.03.02 23:35:09 INFO  no build target found for D:\CODING\JAVA\consumer-service\src\main\java\com\example\consumer_service\scheduler\ConsumerScheduler.java. Using fallback presentation compiler.
2026.03.02 23:35:10 INFO  no build target found for D:\CODING\JAVA\consumer-service\src\main\java\com\example\consumer_service\scheduler\ConsumerScheduler.java. Using fallback presentation compiler.
2026.03.02 23:35:11 INFO  no build target found for D:\CODING\JAVA\consumer-service\src\main\java\com\example\consumer_service\scheduler\ConsumerScheduler.java. Using fallback presentation compiler.
2026.03.02 23:35:11 INFO  no build target found for D:\CODING\JAVA\consumer-service\src\main\java\com\example\consumer_service\scheduler\ConsumerScheduler.java. Using fallback presentation compiler.
2026.03.02 23:35:11 INFO  no build target found for D:\CODING\JAVA\consumer-service\src\main\java\com\example\consumer_service\scheduler\ConsumerScheduler.java. Using fallback presentation compiler.
2026.03.02 23:35:11 INFO  no build target found for D:\CODING\JAVA\consumer-service\src\main\java\com\example\consumer_service\scheduler\ConsumerScheduler.java. Using fallback presentation compiler.
2026.03.02 23:35:12 WARN  no build target for: D:\CODING\JAVA\consumer-service\src\main\java\com\example\consumer_service\scheduler\ConsumerScheduler.java
2026.03.02 23:35:12 INFO  no build target found for D:\CODING\JAVA\consumer-service\src\main\java\com\example\consumer_service\scheduler\ConsumerScheduler.java. Using fallback presentation compiler.
2026.03.02 23:35:13 INFO  no build target found for D:\CODING\JAVA\consumer-service\src\main\java\com\example\consumer_service\scheduler\ConsumerScheduler.java. Using fallback presentation compiler.
2026.03.02 23:35:13 INFO  no build target found for D:\CODING\JAVA\consumer-service\src\main\java\com\example\consumer_service\scheduler\ConsumerScheduler.java. Using fallback presentation compiler.
2026.03.02 23:35:13 INFO  no build target found for D:\CODING\JAVA\consumer-service\src\main\java\com\example\consumer_service\scheduler\ConsumerScheduler.java. Using fallback presentation compiler.
2026.03.02 23:35:14 INFO  no build target found for D:\CODING\JAVA\consumer-service\src\main\java\com\example\consumer_service\scheduler\ConsumerScheduler.java. Using fallback presentation compiler.
2026.03.02 23:35:17 INFO  no build target found for D:\CODING\JAVA\consumer-service\src\main\java\com\example\consumer_service\ConsumerServiceApplication.java. Using fallback presentation compiler.
2026.03.02 23:35:17 INFO  no build target found for D:\CODING\JAVA\consumer-service\src\main\java\com\example\consumer_service\ConsumerServiceApplication.java. Using fallback presentation compiler.
2026.03.02 23:35:17 INFO  no build target found for D:\CODING\JAVA\consumer-service\src\main\java\com\example\consumer_service\ConsumerServiceApplication.java. Using fallback presentation compiler.
2026.03.02 23:35:19 INFO  no build target found for D:\CODING\JAVA\consumer-service\src\main\java\com\example\consumer_service\ConsumerServiceApplication.java. Using fallback presentation compiler.
2026.03.02 23:35:20 INFO  no build target found for D:\CODING\JAVA\consumer-service\src\main\java\com\example\consumer_service\ConsumerServiceApplication.java. Using fallback presentation compiler.
2026.03.02 23:35:20 INFO  no build target found for D:\CODING\JAVA\consumer-service\src\main\java\com\example\consumer_service\ConsumerServiceApplication.java. Using fallback presentation compiler.
2026.03.02 23:35:20 INFO  no build target found for D:\CODING\JAVA\consumer-service\src\main\java\com\example\consumer_service\ConsumerServiceApplication.java. Using fallback presentation compiler.
2026.03.02 23:35:20 INFO  no build target found for D:\CODING\JAVA\consumer-service\src\main\java\com\example\consumer_service\ConsumerServiceApplication.java. Using fallback presentation compiler.
2026.03.02 23:35:21 INFO  no build target found for D:\CODING\JAVA\consumer-service\src\main\java\com\example\consumer_service\ConsumerServiceApplication.java. Using fallback presentation compiler.
2026.03.02 23:35:20 INFO  no build target found for D:\CODING\JAVA\consumer-service\src\main\java\com\example\consumer_service\ConsumerServiceApplication.java. Using fallback presentation compiler.
2026.03.02 23:35:21 INFO  no build target found for D:\CODING\JAVA\consumer-service\src\main\java\com\example\consumer_service\ConsumerServiceApplication.java. Using fallback presentation compiler.
2026.03.02 23:35:21 INFO  no build target found for D:\CODING\JAVA\consumer-service\src\main\java\com\example\consumer_service\ConsumerServiceApplication.java. Using fallback presentation compiler.
2026.03.02 23:35:21 INFO  no build target found for D:\CODING\JAVA\consumer-service\src\main\java\com\example\consumer_service\ConsumerServiceApplication.java. Using fallback presentation compiler.
2026.03.02 23:35:21 INFO  no build target found for D:\CODING\JAVA\consumer-service\src\main\java\com\example\consumer_service\ConsumerServiceApplication.java. Using fallback presentation compiler.
2026.03.02 23:35:21 INFO  no build target found for D:\CODING\JAVA\consumer-service\src\main\java\com\example\consumer_service\ConsumerServiceApplication.java. Using fallback presentation compiler.
2026.03.02 23:35:21 INFO  no build target found for D:\CODING\JAVA\consumer-service\src\main\java\com\example\consumer_service\ConsumerServiceApplication.java. Using fallback presentation compiler.
2026.03.02 23:35:21 INFO  no build target found for D:\CODING\JAVA\consumer-service\src\main\java\com\example\consumer_service\ConsumerServiceApplication.java. Using fallback presentation compiler.
2026.03.02 23:35:21 INFO  no build target found for D:\CODING\JAVA\consumer-service\src\main\java\com\example\consumer_service\ConsumerServiceApplication.java. Using fallback presentation compiler.
2026.03.02 23:35:21 INFO  no build target found for D:\CODING\JAVA\consumer-service\src\main\java\com\example\consumer_service\ConsumerServiceApplication.java. Using fallback presentation compiler.
2026.03.02 23:35:22 INFO  no build target found for D:\CODING\JAVA\consumer-service\src\main\java\com\example\consumer_service\ConsumerServiceApplication.java. Using fallback presentation compiler.
2026.03.02 23:35:22 INFO  no build target found for D:\CODING\JAVA\consumer-service\src\main\java\com\example\consumer_service\ConsumerServiceApplication.java. Using fallback presentation compiler.
2026.03.02 23:35:22 INFO  no build target found for D:\CODING\JAVA\consumer-service\src\main\java\com\example\consumer_service\ConsumerServiceApplication.java. Using fallback presentation compiler.
2026.03.02 23:35:23 INFO  no build target found for D:\CODING\JAVA\consumer-service\src\main\java\com\example\consumer_service\ConsumerServiceApplication.java. Using fallback presentation compiler.
2026.03.02 23:35:22 INFO  no build target found for D:\CODING\JAVA\consumer-service\src\main\java\com\example\consumer_service\ConsumerServiceApplication.java. Using fallback presentation compiler.
2026.03.02 23:35:22 INFO  no build target found for D:\CODING\JAVA\consumer-service\src\main\java\com\example\consumer_service\ConsumerServiceApplication.java. Using fallback presentation compiler.
2026.03.02 23:35:23 INFO  no build target found for D:\CODING\JAVA\consumer-service\src\main\java\com\example\consumer_service\ConsumerServiceApplication.java. Using fallback presentation compiler.
2026.03.02 23:35:23 INFO  no build target found for D:\CODING\JAVA\consumer-service\src\main\java\com\example\consumer_service\ConsumerServiceApplication.java. Using fallback presentation compiler.
2026.03.02 23:35:23 INFO  no build target found for D:\CODING\JAVA\consumer-service\src\main\java\com\example\consumer_service\ConsumerServiceApplication.java. Using fallback presentation compiler.
2026.03.02 23:35:24 INFO  no build target found for D:\CODING\JAVA\consumer-service\src\main\java\com\example\consumer_service\ConsumerServiceApplication.java. Using fallback presentation compiler.
2026.03.02 23:35:23 INFO  no build target found for D:\CODING\JAVA\consumer-service\src\main\java\com\example\consumer_service\ConsumerServiceApplication.java. Using fallback presentation compiler.
2026.03.02 23:35:24 WARN  no build target for: D:\CODING\JAVA\consumer-service\src\main\java\com\example\consumer_service\ConsumerServiceApplication.java
2026.03.02 23:35:24 INFO  no build target found for D:\CODING\JAVA\consumer-service\src\main\java\com\example\consumer_service\ConsumerServiceApplication.java. Using fallback presentation compiler.
2026.03.02 23:35:25 WARN  no build target for: D:\CODING\JAVA\consumer-service\src\main\java\com\example\consumer_service\scheduler\ConsumerScheduler.java
2026.03.02 23:35:25 INFO  no build target found for D:\CODING\JAVA\consumer-service\src\main\java\com\example\consumer_service\scheduler\ConsumerScheduler.java. Using fallback presentation compiler.
2026.03.02 23:35:25 INFO  no build target found for D:\CODING\JAVA\consumer-service\src\main\java\com\example\consumer_service\scheduler\ConsumerScheduler.java. Using fallback presentation compiler.
2026.03.02 23:35:26 INFO  no build target found for D:\CODING\JAVA\consumer-service\src\main\java\com\example\consumer_service\scheduler\ConsumerScheduler.java. Using fallback presentation compiler.
2026.03.02 23:35:26 INFO  no build target found for D:\CODING\JAVA\consumer-service\src\main\java\com\example\consumer_service\scheduler\ConsumerScheduler.java. Using fallback presentation compiler.
2026.03.02 23:35:26 INFO  no build target found for D:\CODING\JAVA\consumer-service\src\main\java\com\example\consumer_service\scheduler\ConsumerScheduler.java. Using fallback presentation compiler.
2026.03.02 23:35:27 INFO  no build target found for D:\CODING\JAVA\consumer-service\src\main\java\com\example\consumer_service\scheduler\ConsumerScheduler.java. Using fallback presentation compiler.
2026.03.02 23:35:28 WARN  no build target for: D:\CODING\JAVA\consumer-service\src\main\java\com\example\consumer_service\scheduler\ConsumerScheduler.java
2026.03.02 23:35:28 INFO  no build target found for D:\CODING\JAVA\consumer-service\src\main\java\com\example\consumer_service\scheduler\ConsumerScheduler.java. Using fallback presentation compiler.
2026.03.02 23:35:38 INFO  no build target found for D:\CODING\JAVA\consumer-service\src\main\java\com\example\consumer_service\scheduler\ConsumerScheduler.java. Using fallback presentation compiler.
2026.03.02 23:35:38 INFO  no build target found for D:\CODING\JAVA\consumer-service\src\main\java\com\example\consumer_service\scheduler\ConsumerScheduler.java. Using fallback presentation compiler.
2026.03.02 23:35:38 INFO  no build target found for D:\CODING\JAVA\consumer-service\src\main\java\com\example\consumer_service\scheduler\ConsumerScheduler.java. Using fallback presentation compiler.
2026.03.02 23:35:39 INFO  no build target found for D:\CODING\JAVA\consumer-service\src\main\java\com\example\consumer_service\scheduler\ConsumerScheduler.java. Using fallback presentation compiler.
2026.03.02 23:35:39 INFO  no build target found for D:\CODING\JAVA\consumer-service\src\main\java\com\example\consumer_service\scheduler\ConsumerScheduler.java. Using fallback presentation compiler.
2026.03.02 23:35:39 INFO  no build target found for D:\CODING\JAVA\consumer-service\src\main\java\com\example\consumer_service\scheduler\ConsumerScheduler.java. Using fallback presentation compiler.
2026.03.02 23:35:39 INFO  no build target found for D:\CODING\JAVA\consumer-service\src\main\java\com\example\consumer_service\scheduler\ConsumerScheduler.java. Using fallback presentation compiler.
2026.03.02 23:35:39 INFO  no build target found for D:\CODING\JAVA\consumer-service\src\main\java\com\example\consumer_service\scheduler\ConsumerScheduler.java. Using fallback presentation compiler.
2026.03.02 23:35:39 INFO  no build target found for D:\CODING\JAVA\consumer-service\src\main\java\com\example\consumer_service\scheduler\ConsumerScheduler.java. Using fallback presentation compiler.
2026.03.02 23:35:39 INFO  no build target found for D:\CODING\JAVA\consumer-service\src\main\java\com\example\consumer_service\scheduler\ConsumerScheduler.java. Using fallback presentation compiler.
2026.03.02 23:35:40 INFO  no build target found for D:\CODING\JAVA\consumer-service\src\main\java\com\example\consumer_service\scheduler\ConsumerScheduler.java. Using fallback presentation compiler.
2026.03.02 23:35:40 INFO  no build target found for D:\CODING\JAVA\consumer-service\src\main\java\com\example\consumer_service\scheduler\ConsumerScheduler.java. Using fallback presentation compiler.
2026.03.02 23:35:40 INFO  no build target found for D:\CODING\JAVA\consumer-service\src\main\java\com\example\consumer_service\scheduler\ConsumerScheduler.java. Using fallback presentation compiler.
2026.03.02 23:35:40 INFO  no build target found for D:\CODING\JAVA\consumer-service\src\main\java\com\example\consumer_service\scheduler\ConsumerScheduler.java. Using fallback presentation compiler.
2026.03.02 23:35:40 INFO  no build target found for D:\CODING\JAVA\consumer-service\src\main\java\com\example\consumer_service\scheduler\ConsumerScheduler.java. Using fallback presentation compiler.
2026.03.02 23:35:40 INFO  no build target found for D:\CODING\JAVA\consumer-service\src\main\java\com\example\consumer_service\scheduler\ConsumerScheduler.java. Using fallback presentation compiler.
2026.03.02 23:35:41 INFO  no build target found for D:\CODING\JAVA\consumer-service\src\main\java\com\example\consumer_service\scheduler\ConsumerScheduler.java. Using fallback presentation compiler.
2026.03.02 23:35:41 INFO  no build target found for D:\CODING\JAVA\consumer-service\src\main\java\com\example\consumer_service\scheduler\ConsumerScheduler.java. Using fallback presentation compiler.
2026.03.02 23:35:41 INFO  no build target found for D:\CODING\JAVA\consumer-service\src\main\java\com\example\consumer_service\scheduler\ConsumerScheduler.java. Using fallback presentation compiler.
2026.03.02 23:35:41 INFO  no build target found for D:\CODING\JAVA\consumer-service\src\main\java\com\example\consumer_service\scheduler\ConsumerScheduler.java. Using fallback presentation compiler.
2026.03.02 23:35:41 INFO  no build target found for D:\CODING\JAVA\consumer-service\src\main\java\com\example\consumer_service\scheduler\ConsumerScheduler.java. Using fallback presentation compiler.
2026.03.02 23:35:42 INFO  no build target found for D:\CODING\JAVA\consumer-service\src\main\java\com\example\consumer_service\scheduler\ConsumerScheduler.java. Using fallback presentation compiler.
2026.03.02 23:35:42 INFO  no build target found for D:\CODING\JAVA\consumer-service\src\main\java\com\example\consumer_service\scheduler\ConsumerScheduler.java. Using fallback presentation compiler.
2026.03.02 23:35:44 INFO  no build target found for D:\CODING\JAVA\consumer-service\src\main\java\com\example\consumer_service\scheduler\ConsumerScheduler.java. Using fallback presentation compiler.
2026.03.02 23:35:44 INFO  no build target found for D:\CODING\JAVA\consumer-service\src\main\java\com\example\consumer_service\scheduler\ConsumerScheduler.java. Using fallback presentation compiler.
2026.03.02 23:35:44 INFO  no build target found for D:\CODING\JAVA\consumer-service\src\main\java\com\example\consumer_service\scheduler\ConsumerScheduler.java. Using fallback presentation compiler.
2026.03.02 23:35:44 INFO  no build target found for D:\CODING\JAVA\consumer-service\src\main\java\com\example\consumer_service\scheduler\ConsumerScheduler.java. Using fallback presentation compiler.
2026.03.02 23:35:44 INFO  no build target found for D:\CODING\JAVA\consumer-service\src\main\java\com\example\consumer_service\scheduler\ConsumerScheduler.java. Using fallback presentation compiler.
2026.03.02 23:35:45 INFO  no build target found for D:\CODING\JAVA\consumer-service\src\main\java\com\example\consumer_service\scheduler\ConsumerScheduler.java. Using fallback presentation compiler.
2026.03.02 23:35:45 INFO  no build target found for D:\CODING\JAVA\consumer-service\src\main\java\com\example\consumer_service\scheduler\ConsumerScheduler.java. Using fallback presentation compiler.
2026.03.02 23:35:45 INFO  no build target found for D:\CODING\JAVA\consumer-service\src\main\java\com\example\consumer_service\scheduler\ConsumerScheduler.java. Using fallback presentation compiler.
2026.03.02 23:35:45 INFO  no build target found for D:\CODING\JAVA\consumer-service\src\main\java\com\example\consumer_service\scheduler\ConsumerScheduler.java. Using fallback presentation compiler.
2026.03.02 23:35:45 WARN  no build target for: D:\CODING\JAVA\consumer-service\src\main\java\com\example\consumer_service\scheduler\ConsumerScheduler.java
2026.03.02 23:35:45 INFO  no build target found for D:\CODING\JAVA\consumer-service\src\main\java\com\example\consumer_service\scheduler\ConsumerScheduler.java. Using fallback presentation compiler.
2026.03.02 23:35:45 INFO  no build target found for D:\CODING\JAVA\consumer-service\src\main\java\com\example\consumer_service\scheduler\ConsumerScheduler.java. Using fallback presentation compiler.
2026.03.02 23:35:46 INFO  no build target found for D:\CODING\JAVA\consumer-service\src\main\java\com\example\consumer_service\scheduler\ConsumerScheduler.java. Using fallback presentation compiler.
2026.03.02 23:35:51 INFO  no build target found for D:\CODING\JAVA\consumer-service\src\main\java\com\example\consumer_service\scheduler\ConsumerScheduler.java. Using fallback presentation compiler.
2026.03.02 23:35:51 INFO  no build target found for D:\CODING\JAVA\consumer-service\src\main\java\com\example\consumer_service\scheduler\ConsumerScheduler.java. Using fallback presentation compiler.
2026.03.02 23:35:51 INFO  no build target found for D:\CODING\JAVA\consumer-service\src\main\java\com\example\consumer_service\scheduler\ConsumerScheduler.java. Using fallback presentation compiler.
2026.03.02 23:35:52 INFO  no build target found for D:\CODING\JAVA\consumer-service\src\main\java\com\example\consumer_service\scheduler\ConsumerScheduler.java. Using fallback presentation compiler.
2026.03.02 23:35:54 WARN  no build target for: D:\CODING\JAVA\consumer-service\src\main\java\com\example\consumer_service\scheduler\ConsumerScheduler.java
2026.03.02 23:35:54 INFO  no build target found for D:\CODING\JAVA\consumer-service\src\main\java\com\example\consumer_service\scheduler\ConsumerScheduler.java. Using fallback presentation compiler.
2026.03.02 23:35:55 INFO  no build target found for D:\CODING\JAVA\consumer-service\src\main\java\com\example\consumer_service\scheduler\ConsumerScheduler.java. Using fallback presentation compiler.
2026.03.02 23:35:55 INFO  no build target found for D:\CODING\JAVA\consumer-service\src\main\java\com\example\consumer_service\scheduler\ConsumerScheduler.java. Using fallback presentation compiler.
2026.03.02 23:35:56 INFO  no build target found for D:\CODING\JAVA\consumer-service\src\main\java\com\example\consumer_service\scheduler\ConsumerScheduler.java. Using fallback presentation compiler.
2026.03.02 23:35:55 INFO  no build target found for D:\CODING\JAVA\consumer-service\src\main\java\com\example\consumer_service\scheduler\ConsumerScheduler.java. Using fallback presentation compiler.
2026.03.02 23:35:55 INFO  no build target found for D:\CODING\JAVA\consumer-service\src\main\java\com\example\consumer_service\scheduler\ConsumerScheduler.java. Using fallback presentation compiler.
2026.03.02 23:35:56 INFO  no build target found for D:\CODING\JAVA\consumer-service\src\main\java\com\example\consumer_service\scheduler\ConsumerScheduler.java. Using fallback presentation compiler.
2026.03.02 23:35:57 INFO  no build target found for D:\CODING\JAVA\consumer-service\src\main\java\com\example\consumer_service\scheduler\ConsumerScheduler.java. Using fallback presentation compiler.
2026.03.02 23:35:57 INFO  no build target found for D:\CODING\JAVA\consumer-service\src\main\java\com\example\consumer_service\scheduler\ConsumerScheduler.java. Using fallback presentation compiler.
2026.03.02 23:35:57 INFO  no build target found for D:\CODING\JAVA\consumer-service\src\main\java\com\example\consumer_service\scheduler\ConsumerScheduler.java. Using fallback presentation compiler.
2026.03.02 23:35:57 INFO  no build target found for D:\CODING\JAVA\consumer-service\src\main\java\com\example\consumer_service\scheduler\ConsumerScheduler.java. Using fallback presentation compiler.
2026.03.02 23:35:57 INFO  no build target found for D:\CODING\JAVA\consumer-service\src\main\java\com\example\consumer_service\scheduler\ConsumerScheduler.java. Using fallback presentation compiler.
2026.03.02 23:35:57 INFO  no build target found for D:\CODING\JAVA\consumer-service\src\main\java\com\example\consumer_service\scheduler\ConsumerScheduler.java. Using fallback presentation compiler.
2026.03.02 23:35:57 INFO  no build target found for D:\CODING\JAVA\consumer-service\src\main\java\com\example\consumer_service\scheduler\ConsumerScheduler.java. Using fallback presentation compiler.
2026.03.02 23:35:57 INFO  no build target found for D:\CODING\JAVA\consumer-service\src\main\java\com\example\consumer_service\scheduler\ConsumerScheduler.java. Using fallback presentation compiler.
2026.03.02 23:35:58 INFO  no build target found for D:\CODING\JAVA\consumer-service\src\main\java\com\example\consumer_service\scheduler\ConsumerScheduler.java. Using fallback presentation compiler.
2026.03.02 23:35:58 INFO  no build target found for D:\CODING\JAVA\consumer-service\src\main\java\com\example\consumer_service\scheduler\ConsumerScheduler.java. Using fallback presentation compiler.
2026.03.02 23:35:58 INFO  no build target found for D:\CODING\JAVA\consumer-service\src\main\java\com\example\consumer_service\scheduler\ConsumerScheduler.java. Using fallback presentation compiler.
2026.03.02 23:35:59 INFO  no build target found for D:\CODING\JAVA\consumer-service\src\main\java\com\example\consumer_service\scheduler\ConsumerScheduler.java. Using fallback presentation compiler.
2026.03.02 23:35:59 INFO  no build target found for D:\CODING\JAVA\consumer-service\src\main\java\com\example\consumer_service\scheduler\ConsumerScheduler.java. Using fallback presentation compiler.
2026.03.02 23:35:59 INFO  no build target found for D:\CODING\JAVA\consumer-service\src\main\java\com\example\consumer_service\scheduler\ConsumerScheduler.java. Using fallback presentation compiler.
2026.03.02 23:35:59 INFO  no build target found for D:\CODING\JAVA\consumer-service\src\main\java\com\example\consumer_service\scheduler\ConsumerScheduler.java. Using fallback presentation compiler.
2026.03.02 23:35:59 INFO  no build target found for D:\CODING\JAVA\consumer-service\src\main\java\com\example\consumer_service\scheduler\ConsumerScheduler.java. Using fallback presentation compiler.
2026.03.02 23:35:59 INFO  no build target found for D:\CODING\JAVA\consumer-service\src\main\java\com\example\consumer_service\scheduler\ConsumerScheduler.java. Using fallback presentation compiler.
2026.03.02 23:36:00 INFO  no build target found for D:\CODING\JAVA\consumer-service\src\main\java\com\example\consumer_service\scheduler\ConsumerScheduler.java. Using fallback presentation compiler.
2026.03.02 23:36:00 INFO  no build target found for D:\CODING\JAVA\consumer-service\src\main\java\com\example\consumer_service\scheduler\ConsumerScheduler.java. Using fallback presentation compiler.
2026.03.02 23:36:00 INFO  no build target found for D:\CODING\JAVA\consumer-service\src\main\java\com\example\consumer_service\scheduler\ConsumerScheduler.java. Using fallback presentation compiler.
2026.03.02 23:36:00 INFO  no build target found for D:\CODING\JAVA\consumer-service\src\main\java\com\example\consumer_service\scheduler\ConsumerScheduler.java. Using fallback presentation compiler.
2026.03.02 23:36:00 INFO  no build target found for D:\CODING\JAVA\consumer-service\src\main\java\com\example\consumer_service\scheduler\ConsumerScheduler.java. Using fallback presentation compiler.
Mar 02, 2026 11:36:01 PM org.eclipse.lsp4j.jsonrpc.RemoteEndpoint handleCancellation
WARNING: Unmatched cancel notification for request id 2076
2026.03.02 23:36:00 INFO  no build target found for D:\CODING\JAVA\consumer-service\src\main\java\com\example\consumer_service\scheduler\ConsumerScheduler.java. Using fallback presentation compiler.
2026.03.02 23:36:01 INFO  no build target found for D:\CODING\JAVA\consumer-service\src\main\java\com\example\consumer_service\scheduler\ConsumerScheduler.java. Using fallback presentation compiler.
2026.03.02 23:36:01 INFO  no build target found for D:\CODING\JAVA\consumer-service\src\main\java\com\example\consumer_service\scheduler\ConsumerScheduler.java. Using fallback presentation compiler.
2026.03.02 23:36:01 WARN  no build target for: D:\CODING\JAVA\consumer-service\src\main\java\com\example\consumer_service\scheduler\ConsumerScheduler.java
2026.03.02 23:36:01 INFO  no build target found for D:\CODING\JAVA\consumer-service\src\main\java\com\example\consumer_service\scheduler\ConsumerScheduler.java. Using fallback presentation compiler.
2026.03.02 23:36:01 WARN  Running javac-semanticdb failed for file:///D:/CODING/JAVA/consumer-service/src/main/java/com/example/consumer_service/scheduler/ConsumerScheduler.java. Output:

2026.03.02 23:36:01 INFO  Created report: Optional[file:///D:/CODING/JAVA/consumer-service/src/main/java/com/example/consumer_service/scheduler/ConsumerScheduler.java]
2026.03.02 23:36:01 INFO  QDox parse error in file:///D:/CODING/JAVA/consumer-service/src/main/java/com/example/consumer_service/scheduler/ConsumerScheduler.java (full report at: "D:\CODING\JAVA\consumer-service\.metals\.reports\metals-full\2026-03-02\r_qdox-error_23-36-01-770.md")
2026.03.02 23:36:02 INFO  no build target found for D:\CODING\JAVA\consumer-service\src\main\java\com\example\consumer_service\scheduler\ConsumerScheduler.java. Using fallback presentation compiler.
2026.03.02 23:36:02 INFO  no build target found for D:\CODING\JAVA\consumer-service\src\main\java\com\example\consumer_service\scheduler\ConsumerScheduler.java. Using fallback presentation compiler.
2026.03.02 23:36:02 INFO  no build target found for D:\CODING\JAVA\consumer-service\src\main\java\com\example\consumer_service\scheduler\ConsumerScheduler.java. Using fallback presentation compiler.
2026.03.02 23:36:02 INFO  no build target found for D:\CODING\JAVA\consumer-service\src\main\java\com\example\consumer_service\scheduler\ConsumerScheduler.java. Using fallback presentation compiler.
2026.03.02 23:36:03 INFO  no build target found for D:\CODING\JAVA\consumer-service\src\main\java\com\example\consumer_service\scheduler\ConsumerScheduler.java. Using fallback presentation compiler.
2026.03.02 23:36:02 INFO  no build target found for D:\CODING\JAVA\consumer-service\src\main\java\com\example\consumer_service\scheduler\ConsumerScheduler.java. Using fallback presentation compiler.
2026.03.02 23:36:03 INFO  no build target found for D:\CODING\JAVA\consumer-service\src\main\java\com\example\consumer_service\scheduler\ConsumerScheduler.java. Using fallback presentation compiler.
2026.03.02 23:36:03 INFO  no build target found for D:\CODING\JAVA\consumer-service\src\main\java\com\example\consumer_service\scheduler\ConsumerScheduler.java. Using fallback presentation compiler.
2026.03.02 23:36:03 INFO  no build target found for D:\CODING\JAVA\consumer-service\src\main\java\com\example\consumer_service\scheduler\ConsumerScheduler.java. Using fallback presentation compiler.
2026.03.02 23:36:03 INFO  no build target found for D:\CODING\JAVA\consumer-service\src\main\java\com\example\consumer_service\scheduler\ConsumerScheduler.java. Using fallback presentation compiler.
2026.03.02 23:36:03 INFO  no build target found for D:\CODING\JAVA\consumer-service\src\main\java\com\example\consumer_service\scheduler\ConsumerScheduler.java. Using fallback presentation compiler.
2026.03.02 23:36:04 INFO  no build target found for D:\CODING\JAVA\consumer-service\src\main\java\com\example\consumer_service\scheduler\ConsumerScheduler.java. Using fallback presentation compiler.
2026.03.02 23:36:03 INFO  no build target found for D:\CODING\JAVA\consumer-service\src\main\java\com\example\consumer_service\scheduler\ConsumerScheduler.java. Using fallback presentation compiler.
2026.03.02 23:36:04 INFO  no build target found for D:\CODING\JAVA\consumer-service\src\main\java\com\example\consumer_service\scheduler\ConsumerScheduler.java. Using fallback presentation compiler.
2026.03.02 23:36:04 INFO  no build target found for D:\CODING\JAVA\consumer-service\src\main\java\com\example\consumer_service\scheduler\ConsumerScheduler.java. Using fallback presentation compiler.
2026.03.02 23:36:04 INFO  no build target found for D:\CODING\JAVA\consumer-service\src\main\java\com\example\consumer_service\scheduler\ConsumerScheduler.java. Using fallback presentation compiler.
2026.03.02 23:36:04 INFO  no build target found for D:\CODING\JAVA\consumer-service\src\main\java\com\example\consumer_service\scheduler\ConsumerScheduler.java. Using fallback presentation compiler.
2026.03.02 23:36:04 INFO  no build target found for D:\CODING\JAVA\consumer-service\src\main\java\com\example\consumer_service\scheduler\ConsumerScheduler.java. Using fallback presentation compiler.
2026.03.02 23:36:05 INFO  no build target found for D:\CODING\JAVA\consumer-service\src\main\java\com\example\consumer_service\scheduler\ConsumerScheduler.java. Using fallback presentation compiler.
2026.03.02 23:36:04 INFO  no build target found for D:\CODING\JAVA\consumer-service\src\main\java\com\example\consumer_service\scheduler\ConsumerScheduler.java. Using fallback presentation compiler.
2026.03.02 23:36:04 INFO  no build target found for D:\CODING\JAVA\consumer-service\src\main\java\com\example\consumer_service\scheduler\ConsumerScheduler.java. Using fallback presentation compiler.
2026.03.02 23:36:05 INFO  no build target found for D:\CODING\JAVA\consumer-service\src\main\java\com\example\consumer_service\scheduler\ConsumerScheduler.java. Using fallback presentation compiler.
2026.03.02 23:36:05 INFO  no build target found for D:\CODING\JAVA\consumer-service\src\main\java\com\example\consumer_service\scheduler\ConsumerScheduler.java. Using fallback presentation compiler.
2026.03.02 23:36:05 INFO  no build target found for D:\CODING\JAVA\consumer-service\src\main\java\com\example\consumer_service\scheduler\ConsumerScheduler.java. Using fallback presentation compiler.
2026.03.02 23:36:05 INFO  no build target found for D:\CODING\JAVA\consumer-service\src\main\java\com\example\consumer_service\scheduler\ConsumerScheduler.java. Using fallback presentation compiler.
2026.03.02 23:36:05 INFO  no build target found for D:\CODING\JAVA\consumer-service\src\main\java\com\example\consumer_service\scheduler\ConsumerScheduler.java. Using fallback presentation compiler.
2026.03.02 23:36:05 INFO  no build target found for D:\CODING\JAVA\consumer-service\src\main\java\com\example\consumer_service\scheduler\ConsumerScheduler.java. Using fallback presentation compiler.
Mar 02, 2026 11:36:06 PM org.eclipse.lsp4j.jsonrpc.RemoteEndpoint handleCancellation
WARNING: Unmatched cancel notification for request id 2132
2026.03.02 23:36:05 INFO  no build target found for D:\CODING\JAVA\consumer-service\src\main\java\com\example\consumer_service\scheduler\ConsumerScheduler.java. Using fallback presentation compiler.
2026.03.02 23:36:05 INFO  no build target found for D:\CODING\JAVA\consumer-service\src\main\java\com\example\consumer_service\scheduler\ConsumerScheduler.java. Using fallback presentation compiler.
2026.03.02 23:36:07 INFO  no build target found for D:\CODING\JAVA\consumer-service\src\main\java\com\example\consumer_service\scheduler\ConsumerScheduler.java. Using fallback presentation compiler.
2026.03.02 23:36:07 INFO  no build target found for D:\CODING\JAVA\consumer-service\src\main\java\com\example\consumer_service\scheduler\ConsumerScheduler.java. Using fallback presentation compiler.
2026.03.02 23:36:07 INFO  no build target found for D:\CODING\JAVA\consumer-service\src\main\java\com\example\consumer_service\scheduler\ConsumerScheduler.java. Using fallback presentation compiler.
2026.03.02 23:36:07 INFO  no build target found for D:\CODING\JAVA\consumer-service\src\main\java\com\example\consumer_service\scheduler\ConsumerScheduler.java. Using fallback presentation compiler.
2026.03.02 23:36:07 INFO  no build target found for D:\CODING\JAVA\consumer-service\src\main\java\com\example\consumer_service\scheduler\ConsumerScheduler.java. Using fallback presentation compiler.
2026.03.02 23:36:07 INFO  no build target found for D:\CODING\JAVA\consumer-service\src\main\java\com\example\consumer_service\scheduler\ConsumerScheduler.java. Using fallback presentation compiler.
2026.03.02 23:36:07 INFO  no build target found for D:\CODING\JAVA\consumer-service\src\main\java\com\example\consumer_service\scheduler\ConsumerScheduler.java. Using fallback presentation compiler.
2026.03.02 23:36:07 INFO  no build target found for D:\CODING\JAVA\consumer-service\src\main\java\com\example\consumer_service\scheduler\ConsumerScheduler.java. Using fallback presentation compiler.
2026.03.02 23:36:08 INFO  no build target found for D:\CODING\JAVA\consumer-service\src\main\java\com\example\consumer_service\scheduler\ConsumerScheduler.java. Using fallback presentation compiler.
2026.03.02 23:36:08 INFO  no build target found for D:\CODING\JAVA\consumer-service\src\main\java\com\example\consumer_service\scheduler\ConsumerScheduler.java. Using fallback presentation compiler.
2026.03.02 23:36:08 INFO  no build target found for D:\CODING\JAVA\consumer-service\src\main\java\com\example\consumer_service\scheduler\ConsumerScheduler.java. Using fallback presentation compiler.
2026.03.02 23:36:08 INFO  no build target found for D:\CODING\JAVA\consumer-service\src\main\java\com\example\consumer_service\scheduler\ConsumerScheduler.java. Using fallback presentation compiler.
2026.03.02 23:36:08 INFO  no build target found for D:\CODING\JAVA\consumer-service\src\main\java\com\example\consumer_service\scheduler\ConsumerScheduler.java. Using fallback presentation compiler.
2026.03.02 23:36:08 INFO  no build target found for D:\CODING\JAVA\consumer-service\src\main\java\com\example\consumer_service\scheduler\ConsumerScheduler.java. Using fallback presentation compiler.
2026.03.02 23:36:08 INFO  no build target found for D:\CODING\JAVA\consumer-service\src\main\java\com\example\consumer_service\scheduler\ConsumerScheduler.java. Using fallback presentation compiler.
2026.03.02 23:36:08 INFO  no build target found for D:\CODING\JAVA\consumer-service\src\main\java\com\example\consumer_service\scheduler\ConsumerScheduler.java. Using fallback presentation compiler.
2026.03.02 23:36:08 INFO  no build target found for D:\CODING\JAVA\consumer-service\src\main\java\com\example\consumer_service\scheduler\ConsumerScheduler.java. Using fallback presentation compiler.
2026.03.02 23:36:08 INFO  no build target found for D:\CODING\JAVA\consumer-service\src\main\java\com\example\consumer_service\scheduler\ConsumerScheduler.java. Using fallback presentation compiler.
2026.03.02 23:36:08 INFO  no build target found for D:\CODING\JAVA\consumer-service\src\main\java\com\example\consumer_service\scheduler\ConsumerScheduler.java. Using fallback presentation compiler.
2026.03.02 23:36:08 INFO  no build target found for D:\CODING\JAVA\consumer-service\src\main\java\com\example\consumer_service\scheduler\ConsumerScheduler.java. Using fallback presentation compiler.
2026.03.02 23:36:09 INFO  no build target found for D:\CODING\JAVA\consumer-service\src\main\java\com\example\consumer_service\scheduler\ConsumerScheduler.java. Using fallback presentation compiler.
2026.03.02 23:36:09 INFO  no build target found for D:\CODING\JAVA\consumer-service\src\main\java\com\example\consumer_service\scheduler\ConsumerScheduler.java. Using fallback presentation compiler.
2026.03.02 23:36:09 INFO  no build target found for D:\CODING\JAVA\consumer-service\src\main\java\com\example\consumer_service\scheduler\ConsumerScheduler.java. Using fallback presentation compiler.
2026.03.02 23:36:09 INFO  no build target found for D:\CODING\JAVA\consumer-service\src\main\java\com\example\consumer_service\scheduler\ConsumerScheduler.java. Using fallback presentation compiler.
2026.03.02 23:36:09 INFO  no build target found for D:\CODING\JAVA\consumer-service\src\main\java\com\example\consumer_service\scheduler\ConsumerScheduler.java. Using fallback presentation compiler.
2026.03.02 23:36:09 INFO  no build target found for D:\CODING\JAVA\consumer-service\src\main\java\com\example\consumer_service\scheduler\ConsumerScheduler.java. Using fallback presentation compiler.
2026.03.02 23:36:09 INFO  no build target found for D:\CODING\JAVA\consumer-service\src\main\java\com\example\consumer_service\scheduler\ConsumerScheduler.java. Using fallback presentation compiler.
2026.03.02 23:36:09 INFO  no build target found for D:\CODING\JAVA\consumer-service\src\main\java\com\example\consumer_service\scheduler\ConsumerScheduler.java. Using fallback presentation compiler.
2026.03.02 23:36:09 INFO  no build target found for D:\CODING\JAVA\consumer-service\src\main\java\com\example\consumer_service\scheduler\ConsumerScheduler.java. Using fallback presentation compiler.
2026.03.02 23:36:09 INFO  no build target found for D:\CODING\JAVA\consumer-service\src\main\java\com\example\consumer_service\scheduler\ConsumerScheduler.java. Using fallback presentation compiler.
2026.03.02 23:36:10 INFO  no build target found for D:\CODING\JAVA\consumer-service\src\main\java\com\example\consumer_service\scheduler\ConsumerScheduler.java. Using fallback presentation compiler.
2026.03.02 23:36:10 INFO  no build target found for D:\CODING\JAVA\consumer-service\src\main\java\com\example\consumer_service\scheduler\ConsumerScheduler.java. Using fallback presentation compiler.
2026.03.02 23:36:10 INFO  no build target found for D:\CODING\JAVA\consumer-service\src\main\java\com\example\consumer_service\scheduler\ConsumerScheduler.java. Using fallback presentation compiler.
2026.03.02 23:36:10 INFO  no build target found for D:\CODING\JAVA\consumer-service\src\main\java\com\example\consumer_service\scheduler\ConsumerScheduler.java. Using fallback presentation compiler.
2026.03.02 23:36:10 INFO  no build target found for D:\CODING\JAVA\consumer-service\src\main\java\com\example\consumer_service\scheduler\ConsumerScheduler.java. Using fallback presentation compiler.
2026.03.02 23:36:10 INFO  no build target found for D:\CODING\JAVA\consumer-service\src\main\java\com\example\consumer_service\scheduler\ConsumerScheduler.java. Using fallback presentation compiler.
2026.03.02 23:36:11 INFO  no build target found for D:\CODING\JAVA\consumer-service\src\main\java\com\example\consumer_service\scheduler\ConsumerScheduler.java. Using fallback presentation compiler.
2026.03.02 23:36:10 INFO  no build target found for D:\CODING\JAVA\consumer-service\src\main\java\com\example\consumer_service\scheduler\ConsumerScheduler.java. Using fallback presentation compiler.
2026.03.02 23:36:10 INFO  no build target found for D:\CODING\JAVA\consumer-service\src\main\java\com\example\consumer_service\scheduler\ConsumerScheduler.java. Using fallback presentation compiler.
2026.03.02 23:36:10 INFO  no build target found for D:\CODING\JAVA\consumer-service\src\main\java\com\example\consumer_service\scheduler\ConsumerScheduler.java. Using fallback presentation compiler.
2026.03.02 23:36:11 INFO  no build target found for D:\CODING\JAVA\consumer-service\src\main\java\com\example\consumer_service\scheduler\ConsumerScheduler.java. Using fallback presentation compiler.
2026.03.02 23:36:12 INFO  no build target found for D:\CODING\JAVA\consumer-service\src\main\java\com\example\consumer_service\scheduler\ConsumerScheduler.java. Using fallback presentation compiler.
2026.03.02 23:36:12 INFO  no build target found for D:\CODING\JAVA\consumer-service\src\main\java\com\example\consumer_service\scheduler\ConsumerScheduler.java. Using fallback presentation compiler.
2026.03.02 23:36:12 INFO  no build target found for D:\CODING\JAVA\consumer-service\src\main\java\com\example\consumer_service\scheduler\ConsumerScheduler.java. Using fallback presentation compiler.
2026.03.02 23:36:12 INFO  no build target found for D:\CODING\JAVA\consumer-service\src\main\java\com\example\consumer_service\scheduler\ConsumerScheduler.java. Using fallback presentation compiler.
2026.03.02 23:36:13 INFO  no build target found for D:\CODING\JAVA\consumer-service\src\main\java\com\example\consumer_service\scheduler\ConsumerScheduler.java. Using fallback presentation compiler.
2026.03.02 23:36:14 INFO  no build target found for D:\CODING\JAVA\consumer-service\src\main\java\com\example\consumer_service\scheduler\ConsumerScheduler.java. Using fallback presentation compiler.
2026.03.02 23:36:14 INFO  no build target found for D:\CODING\JAVA\consumer-service\src\main\java\com\example\consumer_service\scheduler\ConsumerScheduler.java. Using fallback presentation compiler.
2026.03.02 23:36:14 INFO  no build target found for D:\CODING\JAVA\consumer-service\src\main\java\com\example\consumer_service\scheduler\ConsumerScheduler.java. Using fallback presentation compiler.
2026.03.02 23:36:14 INFO  no build target found for D:\CODING\JAVA\consumer-service\src\main\java\com\example\consumer_service\scheduler\ConsumerScheduler.java. Using fallback presentation compiler.
2026.03.02 23:36:16 INFO  no build target found for D:\CODING\JAVA\consumer-service\src\main\java\com\example\consumer_service\scheduler\ConsumerScheduler.java. Using fallback presentation compiler.
2026.03.02 23:36:18 INFO  no build target found for D:\CODING\JAVA\consumer-service\src\main\java\com\example\consumer_service\scheduler\ConsumerScheduler.java. Using fallback presentation compiler.
2026.03.02 23:36:19 INFO  no build target found for D:\CODING\JAVA\consumer-service\src\main\java\com\example\consumer_service\scheduler\ConsumerScheduler.java. Using fallback presentation compiler.
2026.03.02 23:36:19 INFO  no build target found for D:\CODING\JAVA\consumer-service\src\main\java\com\example\consumer_service\scheduler\ConsumerScheduler.java. Using fallback presentation compiler.
2026.03.02 23:36:23 INFO  no build target found for D:\CODING\JAVA\consumer-service\src\main\java\com\example\consumer_service\scheduler\ConsumerScheduler.java. Using fallback presentation compiler.
2026.03.02 23:36:24 WARN  no build target for: D:\CODING\JAVA\consumer-service\src\main\java\com\example\consumer_service\scheduler\ConsumerScheduler.java
2026.03.02 23:36:24 INFO  no build target found for D:\CODING\JAVA\consumer-service\src\main\java\com\example\consumer_service\scheduler\ConsumerScheduler.java. Using fallback presentation compiler.
2026.03.02 23:36:31 WARN  no build target for: D:\CODING\JAVA\consumer-service\src\main\java\com\example\consumer_service\service\KafkaConsumerListener.java
2026.03.02 23:36:31 INFO  no build target found for D:\CODING\JAVA\consumer-service\src\main\java\com\example\consumer_service\service\KafkaConsumerListener.java. Using fallback presentation compiler.
2026.03.02 23:36:31 INFO  no build target found for D:\CODING\JAVA\consumer-service\src\main\java\com\example\consumer_service\service\KafkaConsumerListener.java. Using fallback presentation compiler.
2026.03.02 23:36:31 INFO  no build target found for D:\CODING\JAVA\consumer-service\src\main\java\com\example\consumer_service\service\KafkaConsumerListener.java. Using fallback presentation compiler.
2026.03.02 23:38:06 INFO  no build target found for D:\CODING\JAVA\consumer-service\src\main\java\com\example\consumer_service\service\KafkaConsumerListener.java. Using fallback presentation compiler.
2026.03.02 23:38:06 INFO  no build target found for D:\CODING\JAVA\consumer-service\src\main\java\com\example\consumer_service\service\KafkaConsumerListener.java. Using fallback presentation compiler.
2026.03.02 23:38:07 INFO  no build target found for D:\CODING\JAVA\consumer-service\src\main\java\com\example\consumer_service\service\KafkaConsumerListener.java. Using fallback presentation compiler.
2026.03.02 23:38:08 INFO  no build target found for D:\CODING\JAVA\consumer-service\src\main\java\com\example\consumer_service\service\KafkaConsumerListener.java. Using fallback presentation compiler.
2026.03.02 23:38:09 INFO  no build target found for D:\CODING\JAVA\consumer-service\src\main\java\com\example\consumer_service\service\KafkaConsumerListener.java. Using fallback presentation compiler.
2026.03.02 23:38:09 INFO  Created report: Optional[file:///D:/CODING/JAVA/consumer-service/src/main/java/com/example/consumer_service/service/KafkaConsumerListener.java]
2026.03.02 23:38:09 INFO  empty definition using pc, found symbol in pc: java/nio/file/Path# (full report at: "D:\CODING\JAVA\consumer-service\.metals\.reports\metals-full\2026-03-02\r_empty-definition_23-38-09-798.md")
2026.03.02 23:38:09 INFO  no build target found for D:\CODING\JAVA\consumer-service\src\main\java\com\example\consumer_service\service\KafkaConsumerListener.java. Using fallback presentation compiler.
2026.03.02 23:38:09 INFO  no build target found for D:\CODING\JAVA\consumer-service\src\main\java\com\example\consumer_service\service\KafkaConsumerListener.java. Using fallback presentation compiler.
2026.03.02 23:38:09 INFO  no build target found for D:\CODING\JAVA\consumer-service\src\main\java\com\example\consumer_service\service\KafkaConsumerListener.java. Using fallback presentation compiler.
2026.03.02 23:38:09 INFO  Created report: Optional[file:///D:/CODING/JAVA/consumer-service/src/main/java/com/example/consumer_service/service/KafkaConsumerListener.java]
2026.03.02 23:38:09 INFO  empty definition using pc, found symbol in pc: _empty_/FileWriterService# (full report at: "D:\CODING\JAVA\consumer-service\.metals\.reports\metals-full\2026-03-02\r_empty-definition_23-38-10-116.md")
2026.03.02 23:38:10 INFO  no build target found for D:\CODING\JAVA\consumer-service\src\main\java\com\example\consumer_service\service\KafkaConsumerListener.java. Using fallback presentation compiler.
2026.03.02 23:38:09 INFO  no build target found for D:\CODING\JAVA\consumer-service\src\main\java\com\example\consumer_service\service\KafkaConsumerListener.java. Using fallback presentation compiler.
2026.03.02 23:38:09 INFO  no build target found for D:\CODING\JAVA\consumer-service\src\main\java\com\example\consumer_service\service\KafkaConsumerListener.java. Using fallback presentation compiler.
2026.03.02 23:38:13 INFO  no build target found for D:\CODING\JAVA\consumer-service\src\main\java\com\example\consumer_service\service\KafkaConsumerListener.java. Using fallback presentation compiler.
2026.03.02 23:38:14 INFO  no build target found for D:\CODING\JAVA\consumer-service\src\main\java\com\example\consumer_service\service\KafkaConsumerListener.java. Using fallback presentation compiler.
2026.03.02 23:38:13 INFO  no build target found for D:\CODING\JAVA\consumer-service\src\main\java\com\example\consumer_service\service\KafkaConsumerListener.java. Using fallback presentation compiler.
2026.03.02 23:38:14 INFO  no build target found for D:\CODING\JAVA\consumer-service\src\main\java\com\example\consumer_service\service\KafkaConsumerListener.java. Using fallback presentation compiler.
2026.03.02 23:38:13 INFO  no build target found for D:\CODING\JAVA\consumer-service\src\main\java\com\example\consumer_service\service\KafkaConsumerListener.java. Using fallback presentation compiler.
2026.03.02 23:38:14 INFO  no build target found for D:\CODING\JAVA\consumer-service\src\main\java\com\example\consumer_service\service\KafkaConsumerListener.java. Using fallback presentation compiler.
2026.03.02 23:38:17 INFO  no build target found for D:\CODING\JAVA\consumer-service\src\main\java\com\example\consumer_service\service\KafkaConsumerListener.java. Using fallback presentation compiler.
2026.03.02 23:38:17 INFO  no build target found for D:\CODING\JAVA\consumer-service\src\main\java\com\example\consumer_service\service\KafkaConsumerListener.java. Using fallback presentation compiler.
2026.03.02 23:38:17 INFO  no build target found for D:\CODING\JAVA\consumer-service\src\main\java\com\example\consumer_service\service\KafkaConsumerListener.java. Using fallback presentation compiler.
2026.03.02 23:38:17 INFO  no build target found for D:\CODING\JAVA\consumer-service\src\main\java\com\example\consumer_service\service\KafkaConsumerListener.java. Using fallback presentation compiler.
2026.03.02 23:38:18 WARN  no build target for: D:\CODING\JAVA\consumer-service\src\main\java\com\example\consumer_service\service\KafkaConsumerListener.java
2026.03.02 23:38:18 INFO  no build target found for D:\CODING\JAVA\consumer-service\src\main\java\com\example\consumer_service\service\KafkaConsumerListener.java. Using fallback presentation compiler.
2026.03.02 23:38:17 WARN  Running javac-semanticdb failed for file:///D:/CODING/JAVA/consumer-service/src/main/java/com/example/consumer_service/service/KafkaConsumerListener.java. Output:

2026.03.02 23:38:19 INFO  no build target found for D:\CODING\JAVA\consumer-service\src\main\java\com\example\consumer_service\service\KafkaConsumerListener.java. Using fallback presentation compiler.
2026.03.02 23:38:23 INFO  no build target found for D:\CODING\JAVA\consumer-service\src\main\java\com\example\consumer_service\service\KafkaConsumerListener.java. Using fallback presentation compiler.
2026.03.02 23:38:23 INFO  no build target found for D:\CODING\JAVA\consumer-service\src\main\java\com\example\consumer_service\service\KafkaConsumerListener.java. Using fallback presentation compiler.
2026.03.02 23:38:24 INFO  no build target found for D:\CODING\JAVA\consumer-service\src\main\java\com\example\consumer_service\service\KafkaConsumerListener.java. Using fallback presentation compiler.
2026.03.02 23:38:24 INFO  no build target found for D:\CODING\JAVA\consumer-service\src\main\java\com\example\consumer_service\service\KafkaConsumerListener.java. Using fallback presentation compiler.
2026.03.02 23:38:25 INFO  no build target found for D:\CODING\JAVA\consumer-service\src\main\java\com\example\consumer_service\service\KafkaConsumerListener.java. Using fallback presentation compiler.
2026.03.02 23:38:24 INFO  no build target found for D:\CODING\JAVA\consumer-service\src\main\java\com\example\consumer_service\service\KafkaConsumerListener.java. Using fallback presentation compiler.
2026.03.02 23:38:24 INFO  no build target found for D:\CODING\JAVA\consumer-service\src\main\java\com\example\consumer_service\service\KafkaConsumerListener.java. Using fallback presentation compiler.
2026.03.02 23:38:26 INFO  no build target found for D:\CODING\JAVA\consumer-service\src\main\java\com\example\consumer_service\service\KafkaConsumerListener.java. Using fallback presentation compiler.
2026.03.02 23:38:26 INFO  no build target found for D:\CODING\JAVA\consumer-service\src\main\java\com\example\consumer_service\service\KafkaConsumerListener.java. Using fallback presentation compiler.
2026.03.02 23:38:26 INFO  no build target found for D:\CODING\JAVA\consumer-service\src\main\java\com\example\consumer_service\service\KafkaConsumerListener.java. Using fallback presentation compiler.
2026.03.02 23:38:26 INFO  no build target found for D:\CODING\JAVA\consumer-service\src\main\java\com\example\consumer_service\service\KafkaConsumerListener.java. Using fallback presentation compiler.
2026.03.02 23:38:27 INFO  no build target found for D:\CODING\JAVA\consumer-service\src\main\java\com\example\consumer_service\service\KafkaConsumerListener.java. Using fallback presentation compiler.
2026.03.02 23:38:27 INFO  no build target found for D:\CODING\JAVA\consumer-service\src\main\java\com\example\consumer_service\service\KafkaConsumerListener.java. Using fallback presentation compiler.
2026.03.02 23:38:27 INFO  no build target found for D:\CODING\JAVA\consumer-service\src\main\java\com\example\consumer_service\service\KafkaConsumerListener.java. Using fallback presentation compiler.
2026.03.02 23:38:27 INFO  no build target found for D:\CODING\JAVA\consumer-service\src\main\java\com\example\consumer_service\service\KafkaConsumerListener.java. Using fallback presentation compiler.
2026.03.02 23:38:28 INFO  no build target found for D:\CODING\JAVA\consumer-service\src\main\java\com\example\consumer_service\service\KafkaConsumerListener.java. Using fallback presentation compiler.
2026.03.02 23:38:28 INFO  no build target found for D:\CODING\JAVA\consumer-service\src\main\java\com\example\consumer_service\service\KafkaConsumerListener.java. Using fallback presentation compiler.
2026.03.02 23:38:30 INFO  no build target found for D:\CODING\JAVA\consumer-service\src\main\java\com\example\consumer_service\service\KafkaConsumerListener.java. Using fallback presentation compiler.
2026.03.02 23:38:30 INFO  no build target found for D:\CODING\JAVA\consumer-service\src\main\java\com\example\consumer_service\service\KafkaConsumerListener.java. Using fallback presentation compiler.
2026.03.02 23:38:33 WARN  no build target for: D:\CODING\JAVA\consumer-service\src\main\java\com\example\consumer_service\service\KafkaConsumerListener.java
2026.03.02 23:38:33 INFO  no build target found for D:\CODING\JAVA\consumer-service\src\main\java\com\example\consumer_service\service\KafkaConsumerListener.java. Using fallback presentation compiler.
2026.03.02 23:38:42 INFO  no build target found for D:\CODING\JAVA\consumer-service\src\main\java\com\example\consumer_service\service\FileWriterService.java. Using fallback presentation compiler.
2026.03.02 23:38:43 INFO  no build target found for D:\CODING\JAVA\consumer-service\src\main\java\com\example\consumer_service\service\FileWriterService.java. Using fallback presentation compiler.
2026.03.02 23:38:43 WARN  no build target for: D:\CODING\JAVA\consumer-service\src\main\java\com\example\consumer_service\service\FileWriterService.java
2026.03.02 23:38:43 INFO  no build target found for D:\CODING\JAVA\consumer-service\src\main\java\com\example\consumer_service\service\FileWriterService.java. Using fallback presentation compiler.
2026.03.02 23:38:43 INFO  no build target found for D:\CODING\JAVA\consumer-service\src\main\java\com\example\consumer_service\service\FileWriterService.java. Using fallback presentation compiler.
2026.03.02 23:38:47 INFO  no build target found for D:\CODING\JAVA\consumer-service\src\main\java\com\example\consumer_service\service\FileWriterService.java. Using fallback presentation compiler.
2026.03.02 23:38:47 INFO  no build target found for D:\CODING\JAVA\consumer-service\src\main\java\com\example\consumer_service\service\FileWriterService.java. Using fallback presentation compiler.
2026.03.02 23:38:47 INFO  no build target found for D:\CODING\JAVA\consumer-service\src\main\java\com\example\consumer_service\service\FileWriterService.java. Using fallback presentation compiler.
2026.03.02 23:38:48 INFO  no build target found for D:\CODING\JAVA\consumer-service\src\main\java\com\example\consumer_service\service\FileWriterService.java. Using fallback presentation compiler.
2026.03.02 23:38:48 INFO  no build target found for D:\CODING\JAVA\consumer-service\src\main\java\com\example\consumer_service\service\FileWriterService.java. Using fallback presentation compiler.
2026.03.02 23:38:50 INFO  no build target found for D:\CODING\JAVA\consumer-service\src\main\java\com\example\consumer_service\service\FileWriterService.java. Using fallback presentation compiler.
2026.03.02 23:38:50 INFO  no build target found for D:\CODING\JAVA\consumer-service\src\main\java\com\example\consumer_service\service\FileWriterService.java. Using fallback presentation compiler.
2026.03.02 23:38:51 INFO  no build target found for D:\CODING\JAVA\consumer-service\src\main\java\com\example\consumer_service\service\FileWriterService.java. Using fallback presentation compiler.
2026.03.02 23:38:51 INFO  no build target found for D:\CODING\JAVA\consumer-service\src\main\java\com\example\consumer_service\service\FileWriterService.java. Using fallback presentation compiler.
2026.03.02 23:38:51 INFO  no build target found for D:\CODING\JAVA\consumer-service\src\main\java\com\example\consumer_service\service\FileWriterService.java. Using fallback presentation compiler.
2026.03.02 23:38:52 INFO  no build target found for D:\CODING\JAVA\consumer-service\src\main\java\com\example\consumer_service\service\FileWriterService.java. Using fallback presentation compiler.
2026.03.02 23:38:51 INFO  no build target found for D:\CODING\JAVA\consumer-service\src\main\java\com\example\consumer_service\service\FileWriterService.java. Using fallback presentation compiler.
2026.03.02 23:38:53 WARN  no build target for: D:\CODING\JAVA\consumer-service\src\main\java\com\example\consumer_service\service\FileWriterService.java
2026.03.02 23:38:53 INFO  no build target found for D:\CODING\JAVA\consumer-service\src\main\java\com\example\consumer_service\service\FileWriterService.java. Using fallback presentation compiler.
2026.03.02 23:38:54 WARN  no build target for: D:\CODING\JAVA\consumer-service\src\main\java\com\example\consumer_service\service\KafkaConsumerListener.java
2026.03.02 23:38:54 INFO  no build target found for D:\CODING\JAVA\consumer-service\src\main\java\com\example\consumer_service\service\KafkaConsumerListener.java. Using fallback presentation compiler.
2026.03.02 23:38:54 INFO  no build target found for D:\CODING\JAVA\consumer-service\src\main\java\com\example\consumer_service\service\KafkaConsumerListener.java. Using fallback presentation compiler.
2026.03.02 23:38:54 INFO  no build target found for D:\CODING\JAVA\consumer-service\src\main\java\com\example\consumer_service\service\KafkaConsumerListener.java. Using fallback presentation compiler.
2026.03.02 23:38:57 INFO  no build target found for D:\CODING\JAVA\consumer-service\src\main\java\com\example\consumer_service\service\KafkaConsumerListener.java. Using fallback presentation compiler.
2026.03.02 23:38:57 INFO  no build target found for D:\CODING\JAVA\consumer-service\src\main\java\com\example\consumer_service\service\KafkaConsumerListener.java. Using fallback presentation compiler.
2026.03.02 23:38:58 INFO  no build target found for D:\CODING\JAVA\consumer-service\src\main\java\com\example\consumer_service\service\KafkaConsumerListener.java. Using fallback presentation compiler.
2026.03.02 23:38:58 INFO  no build target found for D:\CODING\JAVA\consumer-service\src\main\java\com\example\consumer_service\service\KafkaConsumerListener.java. Using fallback presentation compiler.
2026.03.02 23:38:58 INFO  no build target found for D:\CODING\JAVA\consumer-service\src\main\java\com\example\consumer_service\service\KafkaConsumerListener.java. Using fallback presentation compiler.
2026.03.02 23:38:58 INFO  no build target found for D:\CODING\JAVA\consumer-service\src\main\java\com\example\consumer_service\service\KafkaConsumerListener.java. Using fallback presentation compiler.
2026.03.02 23:38:58 INFO  no build target found for D:\CODING\JAVA\consumer-service\src\main\java\com\example\consumer_service\service\KafkaConsumerListener.java. Using fallback presentation compiler.
2026.03.02 23:38:58 INFO  no build target found for D:\CODING\JAVA\consumer-service\src\main\java\com\example\consumer_service\service\KafkaConsumerListener.java. Using fallback presentation compiler.
2026.03.02 23:38:59 WARN  no build target for: D:\CODING\JAVA\consumer-service\src\main\java\com\example\consumer_service\service\KafkaConsumerListener.java
2026.03.02 23:38:59 INFO  no build target found for D:\CODING\JAVA\consumer-service\src\main\java\com\example\consumer_service\service\KafkaConsumerListener.java. Using fallback presentation compiler.
2026.03.02 23:38:59 INFO  no build target found for D:\CODING\JAVA\consumer-service\src\main\java\com\example\consumer_service\service\KafkaConsumerListener.java. Using fallback presentation compiler.
2026.03.02 23:38:59 INFO  no build target found for D:\CODING\JAVA\consumer-service\src\main\java\com\example\consumer_service\service\KafkaConsumerListener.java. Using fallback presentation compiler.
2026.03.02 23:38:59 INFO  no build target found for D:\CODING\JAVA\consumer-service\src\main\java\com\example\consumer_service\service\KafkaConsumerListener.java. Using fallback presentation compiler.
2026.03.02 23:38:59 INFO  no build target found for D:\CODING\JAVA\consumer-service\src\main\java\com\example\consumer_service\service\KafkaConsumerListener.java. Using fallback presentation compiler.
2026.03.02 23:39:30 INFO  no build target found for d:\CODING\JAVA\consumer-service\src\main\java\com\example\consumer_service\scheduler\ConsumerScheduler.java. Using fallback presentation compiler.
2026.03.02 23:39:32 WARN  no build target for: D:\CODING\JAVA\consumer-service\src\main\java\com\example\consumer_service\service\KafkaConsumerListener.java
2026.03.02 23:39:32 INFO  no build target found for D:\CODING\JAVA\consumer-service\src\main\java\com\example\consumer_service\service\KafkaConsumerListener.java. Using fallback presentation compiler.
2026.03.02 23:40:17 WARN  no build target for: D:\CODING\JAVA\consumer-service\src\main\java\com\example\consumer_service\service\KafkaConsumerListener.java
2026.03.02 23:40:17 INFO  no build target found for D:\CODING\JAVA\consumer-service\src\main\java\com\example\consumer_service\service\KafkaConsumerListener.java. Using fallback presentation compiler.
2026.03.02 23:40:17 INFO  no build target found for D:\CODING\JAVA\consumer-service\src\main\java\com\example\consumer_service\service\KafkaConsumerListener.java. Using fallback presentation compiler.
2026.03.02 23:40:17 INFO  no build target found for D:\CODING\JAVA\consumer-service\src\main\java\com\example\consumer_service\service\KafkaConsumerListener.java. Using fallback presentation compiler.
2026.03.02 23:40:20 INFO  no build target found for D:\CODING\JAVA\consumer-service\src\main\java\com\example\consumer_service\service\KafkaConsumerListener.java. Using fallback presentation compiler.
2026.03.02 23:40:20 INFO  no build target found for D:\CODING\JAVA\consumer-service\src\main\java\com\example\consumer_service\service\KafkaConsumerListener.java. Using fallback presentation compiler.
2026.03.02 23:40:20 INFO  no build target found for D:\CODING\JAVA\consumer-service\src\main\java\com\example\consumer_service\service\KafkaConsumerListener.java. Using fallback presentation compiler.
2026.03.02 23:40:21 INFO  no build target found for D:\CODING\JAVA\consumer-service\src\main\java\com\example\consumer_service\service\KafkaConsumerListener.java. Using fallback presentation compiler.
2026.03.02 23:40:21 INFO  no build target found for D:\CODING\JAVA\consumer-service\src\main\java\com\example\consumer_service\service\KafkaConsumerListener.java. Using fallback presentation compiler.
2026.03.02 23:40:21 INFO  no build target found for D:\CODING\JAVA\consumer-service\src\main\java\com\example\consumer_service\service\KafkaConsumerListener.java. Using fallback presentation compiler.
2026.03.02 23:40:21 INFO  no build target found for D:\CODING\JAVA\consumer-service\src\main\java\com\example\consumer_service\service\KafkaConsumerListener.java. Using fallback presentation compiler.
2026.03.02 23:40:21 INFO  no build target found for D:\CODING\JAVA\consumer-service\src\main\java\com\example\consumer_service\service\KafkaConsumerListener.java. Using fallback presentation compiler.
2026.03.02 23:40:21 INFO  no build target found for D:\CODING\JAVA\consumer-service\src\main\java\com\example\consumer_service\service\KafkaConsumerListener.java. Using fallback presentation compiler.
2026.03.02 23:40:22 INFO  no build target found for D:\CODING\JAVA\consumer-service\src\main\java\com\example\consumer_service\service\KafkaConsumerListener.java. Using fallback presentation compiler.
2026.03.02 23:40:21 INFO  no build target found for D:\CODING\JAVA\consumer-service\src\main\java\com\example\consumer_service\service\KafkaConsumerListener.java. Using fallback presentation compiler.
2026.03.02 23:40:21 INFO  no build target found for D:\CODING\JAVA\consumer-service\src\main\java\com\example\consumer_service\service\KafkaConsumerListener.java. Using fallback presentation compiler.
2026.03.02 23:40:22 INFO  no build target found for D:\CODING\JAVA\consumer-service\src\main\java\com\example\consumer_service\service\KafkaConsumerListener.java. Using fallback presentation compiler.
2026.03.02 23:40:21 INFO  no build target found for D:\CODING\JAVA\consumer-service\src\main\java\com\example\consumer_service\service\KafkaConsumerListener.java. Using fallback presentation compiler.
2026.03.02 23:40:23 INFO  no build target found for D:\CODING\JAVA\consumer-service\src\main\java\com\example\consumer_service\service\KafkaConsumerListener.java. Using fallback presentation compiler.
2026.03.02 23:40:23 INFO  no build target found for D:\CODING\JAVA\consumer-service\src\main\java\com\example\consumer_service\service\KafkaConsumerListener.java. Using fallback presentation compiler.
2026.03.02 23:40:23 INFO  no build target found for D:\CODING\JAVA\consumer-service\src\main\java\com\example\consumer_service\service\KafkaConsumerListener.java. Using fallback presentation compiler.
2026.03.02 23:40:23 INFO  no build target found for D:\CODING\JAVA\consumer-service\src\main\java\com\example\consumer_service\service\KafkaConsumerListener.java. Using fallback presentation compiler.
2026.03.02 23:40:24 INFO  no build target found for D:\CODING\JAVA\consumer-service\src\main\java\com\example\consumer_service\service\KafkaConsumerListener.java. Using fallback presentation compiler.
2026.03.02 23:40:24 INFO  no build target found for D:\CODING\JAVA\consumer-service\src\main\java\com\example\consumer_service\service\KafkaConsumerListener.java. Using fallback presentation compiler.
2026.03.02 23:40:24 INFO  no build target found for D:\CODING\JAVA\consumer-service\src\main\java\com\example\consumer_service\service\KafkaConsumerListener.java. Using fallback presentation compiler.
2026.03.02 23:40:24 INFO  no build target found for D:\CODING\JAVA\consumer-service\src\main\java\com\example\consumer_service\service\KafkaConsumerListener.java. Using fallback presentation compiler.
2026.03.02 23:40:24 INFO  no build target found for D:\CODING\JAVA\consumer-service\src\main\java\com\example\consumer_service\service\KafkaConsumerListener.java. Using fallback presentation compiler.
Mar 02, 2026 11:40:24 PM org.eclipse.lsp4j.jsonrpc.RemoteEndpoint handleCancellation
WARNING: Unmatched cancel notification for request id 2429
2026.03.02 23:40:24 INFO  no build target found for D:\CODING\JAVA\consumer-service\src\main\java\com\example\consumer_service\service\KafkaConsumerListener.java. Using fallback presentation compiler.
2026.03.02 23:40:24 INFO  no build target found for D:\CODING\JAVA\consumer-service\src\main\java\com\example\consumer_service\service\KafkaConsumerListener.java. Using fallback presentation compiler.
2026.03.02 23:40:24 INFO  no build target found for D:\CODING\JAVA\consumer-service\src\main\java\com\example\consumer_service\service\KafkaConsumerListener.java. Using fallback presentation compiler.
2026.03.02 23:40:24 INFO  no build target found for D:\CODING\JAVA\consumer-service\src\main\java\com\example\consumer_service\service\KafkaConsumerListener.java. Using fallback presentation compiler.
2026.03.02 23:40:25 INFO  no build target found for D:\CODING\JAVA\consumer-service\src\main\java\com\example\consumer_service\service\KafkaConsumerListener.java. Using fallback presentation compiler.
2026.03.02 23:40:24 INFO  no build target found for D:\CODING\JAVA\consumer-service\src\main\java\com\example\consumer_service\service\KafkaConsumerListener.java. Using fallback presentation compiler.
2026.03.02 23:40:25 INFO  no build target found for D:\CODING\JAVA\consumer-service\src\main\java\com\example\consumer_service\service\KafkaConsumerListener.java. Using fallback presentation compiler.
2026.03.02 23:40:25 INFO  no build target found for D:\CODING\JAVA\consumer-service\src\main\java\com\example\consumer_service\service\KafkaConsumerListener.java. Using fallback presentation compiler.
2026.03.02 23:40:25 INFO  no build target found for D:\CODING\JAVA\consumer-service\src\main\java\com\example\consumer_service\service\KafkaConsumerListener.java. Using fallback presentation compiler.
2026.03.02 23:40:25 INFO  no build target found for D:\CODING\JAVA\consumer-service\src\main\java\com\example\consumer_service\service\KafkaConsumerListener.java. Using fallback presentation compiler.
2026.03.02 23:40:25 INFO  no build target found for D:\CODING\JAVA\consumer-service\src\main\java\com\example\consumer_service\service\KafkaConsumerListener.java. Using fallback presentation compiler.
2026.03.02 23:40:25 INFO  no build target found for D:\CODING\JAVA\consumer-service\src\main\java\com\example\consumer_service\service\KafkaConsumerListener.java. Using fallback presentation compiler.
2026.03.02 23:40:25 INFO  no build target found for D:\CODING\JAVA\consumer-service\src\main\java\com\example\consumer_service\service\KafkaConsumerListener.java. Using fallback presentation compiler.
2026.03.02 23:40:25 INFO  no build target found for D:\CODING\JAVA\consumer-service\src\main\java\com\example\consumer_service\service\KafkaConsumerListener.java. Using fallback presentation compiler.
2026.03.02 23:40:25 INFO  no build target found for D:\CODING\JAVA\consumer-service\src\main\java\com\example\consumer_service\service\KafkaConsumerListener.java. Using fallback presentation compiler.
2026.03.02 23:40:26 INFO  no build target found for D:\CODING\JAVA\consumer-service\src\main\java\com\example\consumer_service\service\KafkaConsumerListener.java. Using fallback presentation compiler.
2026.03.02 23:40:26 INFO  no build target found for D:\CODING\JAVA\consumer-service\src\main\java\com\example\consumer_service\service\KafkaConsumerListener.java. Using fallback presentation compiler.
2026.03.02 23:40:26 INFO  no build target found for D:\CODING\JAVA\consumer-service\src\main\java\com\example\consumer_service\service\KafkaConsumerListener.java. Using fallback presentation compiler.
2026.03.02 23:40:26 INFO  no build target found for D:\CODING\JAVA\consumer-service\src\main\java\com\example\consumer_service\service\KafkaConsumerListener.java. Using fallback presentation compiler.
2026.03.02 23:40:26 INFO  no build target found for D:\CODING\JAVA\consumer-service\src\main\java\com\example\consumer_service\service\KafkaConsumerListener.java. Using fallback presentation compiler.
2026.03.02 23:40:26 INFO  no build target found for D:\CODING\JAVA\consumer-service\src\main\java\com\example\consumer_service\service\KafkaConsumerListener.java. Using fallback presentation compiler.
2026.03.02 23:40:27 WARN  no build target for: D:\CODING\JAVA\consumer-service\src\main\java\com\example\consumer_service\service\KafkaConsumerListener.java
2026.03.02 23:40:28 INFO  no build target found for D:\CODING\JAVA\consumer-service\src\main\java\com\example\consumer_service\service\KafkaConsumerListener.java. Using fallback presentation compiler.
Mar 02, 2026 11:41:25 PM org.eclipse.lsp4j.jsonrpc.services.GenericEndpoint notify
INFO: Unsupported notification method: $/setTrace
Mar 02, 2026 11:41:27 PM org.eclipse.lsp4j.jsonrpc.services.GenericEndpoint notify
INFO: Unsupported notification method: $/setTrace
2026.03.02 23:42:40 INFO  no build target found for D:\CODING\JAVA\consumer-service\src\main\java\com\example\consumer_service\config\KafkaConsumerConfig.java. Using fallback presentation compiler.
2026.03.02 23:42:41 WARN  no build target for: D:\CODING\JAVA\consumer-service\src\main\java\com\example\consumer_service\config\KafkaConsumerConfig.java
2026.03.02 23:42:41 INFO  no build target found for D:\CODING\JAVA\consumer-service\src\main\java\com\example\consumer_service\config\KafkaConsumerConfig.java. Using fallback presentation compiler.
2026.03.02 23:42:40 INFO  no build target found for D:\CODING\JAVA\consumer-service\src\main\java\com\example\consumer_service\config\KafkaConsumerConfig.java. Using fallback presentation compiler.
2026.03.02 23:42:40 INFO  no build target found for D:\CODING\JAVA\consumer-service\src\main\java\com\example\consumer_service\config\KafkaConsumerConfig.java. Using fallback presentation compiler.
2026.03.02 23:42:43 INFO  no build target found for D:\CODING\JAVA\consumer-service\src\main\java\com\example\consumer_service\config\KafkaConsumerConfig.java. Using fallback presentation compiler.
2026.03.02 23:42:44 INFO  no build target found for D:\CODING\JAVA\consumer-service\src\main\java\com\example\consumer_service\config\KafkaConsumerConfig.java. Using fallback presentation compiler.
2026.03.02 23:42:46 INFO  no build target found for D:\CODING\JAVA\consumer-service\src\main\java\com\example\consumer_service\config\KafkaConsumerConfig.java. Using fallback presentation compiler.
2026.03.02 23:42:51 INFO  no build target found for D:\CODING\JAVA\consumer-service\src\main\java\com\example\consumer_service\config\KafkaConsumerConfig.java. Using fallback presentation compiler.
2026.03.02 23:43:05 INFO  no build target found for D:\CODING\JAVA\consumer-service\src\main\java\com\example\consumer_service\config\KafkaConsumerConfig.java. Using fallback presentation compiler.
2026.03.02 23:43:34 INFO  no build target found for D:\CODING\JAVA\consumer-service\src\main\java\com\example\consumer_service\config\KafkaConsumerConfig.java. Using fallback presentation compiler.
2026.03.02 23:43:36 INFO  no build target found for D:\CODING\JAVA\consumer-service\src\main\java\com\example\consumer_service\config\KafkaConsumerConfig.java. Using fallback presentation compiler.
2026.03.02 23:43:36 INFO  no build target found for D:\CODING\JAVA\consumer-service\src\main\java\com\example\consumer_service\config\KafkaConsumerConfig.java. Using fallback presentation compiler.
2026.03.02 23:43:36 INFO  Created report: Optional[file:///D:/CODING/JAVA/consumer-service/src/main/java/com/example/consumer_service/config/KafkaConsumerConfig.java]
2026.03.02 23:43:36 INFO  empty definition using pc, found symbol in pc: _empty_/KafkaConsumerProperties# (full report at: "D:\CODING\JAVA\consumer-service\.metals\.reports\metals-full\2026-03-02\r_empty-definition_23-43-36-390.md")
2026.03.02 23:43:36 WARN  no build target for: D:\CODING\JAVA\consumer-service\src\main\java\com\example\consumer_service\config\KafkaConsumerProperties.java
2026.03.02 23:43:36 INFO  no build target found for D:\CODING\JAVA\consumer-service\src\main\java\com\example\consumer_service\config\KafkaConsumerProperties.java. Using fallback presentation compiler.
2026.03.02 23:43:36 INFO  no build target found for D:\CODING\JAVA\consumer-service\src\main\java\com\example\consumer_service\config\KafkaConsumerProperties.java. Using fallback presentation compiler.
2026.03.02 23:43:36 INFO  no build target found for D:\CODING\JAVA\consumer-service\src\main\java\com\example\consumer_service\config\KafkaConsumerProperties.java. Using fallback presentation compiler.
2026.03.02 23:43:37 INFO  no build target found for D:\CODING\JAVA\consumer-service\src\main\java\com\example\consumer_service\config\KafkaConsumerProperties.java. Using fallback presentation compiler.
2026.03.02 23:43:42 INFO  no build target found for D:\CODING\JAVA\consumer-service\src\main\java\com\example\consumer_service\config\KafkaConsumerProperties.java. Using fallback presentation compiler.
2026.03.02 23:43:42 INFO  no build target found for D:\CODING\JAVA\consumer-service\src\main\java\com\example\consumer_service\config\KafkaConsumerProperties.java. Using fallback presentation compiler.
2026.03.02 23:43:42 INFO  no build target found for D:\CODING\JAVA\consumer-service\src\main\java\com\example\consumer_service\config\KafkaConsumerProperties.java. Using fallback presentation compiler.
2026.03.02 23:43:43 INFO  no build target found for D:\CODING\JAVA\consumer-service\src\main\java\com\example\consumer_service\config\KafkaConsumerProperties.java. Using fallback presentation compiler.
2026.03.02 23:43:43 INFO  no build target found for D:\CODING\JAVA\consumer-service\src\main\java\com\example\consumer_service\config\KafkaConsumerProperties.java. Using fallback presentation compiler.
2026.03.02 23:43:44 INFO  no build target found for D:\CODING\JAVA\consumer-service\src\main\java\com\example\consumer_service\config\KafkaConsumerProperties.java. Using fallback presentation compiler.
2026.03.02 23:43:43 INFO  no build target found for D:\CODING\JAVA\consumer-service\src\main\java\com\example\consumer_service\config\KafkaConsumerProperties.java. Using fallback presentation compiler.
2026.03.02 23:43:43 INFO  no build target found for D:\CODING\JAVA\consumer-service\src\main\java\com\example\consumer_service\config\KafkaConsumerProperties.java. Using fallback presentation compiler.
2026.03.02 23:43:44 INFO  no build target found for D:\CODING\JAVA\consumer-service\src\main\java\com\example\consumer_service\config\KafkaConsumerProperties.java. Using fallback presentation compiler.
2026.03.02 23:43:43 INFO  no build target found for D:\CODING\JAVA\consumer-service\src\main\java\com\example\consumer_service\config\KafkaConsumerProperties.java. Using fallback presentation compiler.
2026.03.02 23:43:45 INFO  no build target found for D:\CODING\JAVA\consumer-service\src\main\java\com\example\consumer_service\config\KafkaConsumerProperties.java. Using fallback presentation compiler.
2026.03.02 23:43:45 INFO  no build target found for D:\CODING\JAVA\consumer-service\src\main\java\com\example\consumer_service\config\KafkaConsumerProperties.java. Using fallback presentation compiler.
2026.03.02 23:43:45 INFO  no build target found for D:\CODING\JAVA\consumer-service\src\main\java\com\example\consumer_service\config\KafkaConsumerProperties.java. Using fallback presentation compiler.
2026.03.02 23:43:45 INFO  no build target found for D:\CODING\JAVA\consumer-service\src\main\java\com\example\consumer_service\config\KafkaConsumerProperties.java. Using fallback presentation compiler.
2026.03.02 23:43:45 INFO  no build target found for D:\CODING\JAVA\consumer-service\src\main\java\com\example\consumer_service\config\KafkaConsumerProperties.java. Using fallback presentation compiler.
2026.03.02 23:43:46 INFO  no build target found for D:\CODING\JAVA\consumer-service\src\main\java\com\example\consumer_service\config\KafkaConsumerProperties.java. Using fallback presentation compiler.
2026.03.02 23:43:46 INFO  no build target found for D:\CODING\JAVA\consumer-service\src\main\java\com\example\consumer_service\config\KafkaConsumerProperties.java. Using fallback presentation compiler.
2026.03.02 23:43:46 INFO  no build target found for D:\CODING\JAVA\consumer-service\src\main\java\com\example\consumer_service\config\KafkaConsumerProperties.java. Using fallback presentation compiler.
2026.03.02 23:43:46 INFO  no build target found for D:\CODING\JAVA\consumer-service\src\main\java\com\example\consumer_service\config\KafkaConsumerProperties.java. Using fallback presentation compiler.
2026.03.02 23:43:47 INFO  no build target found for D:\CODING\JAVA\consumer-service\src\main\java\com\example\consumer_service\config\KafkaConsumerProperties.java. Using fallback presentation compiler.
2026.03.02 23:43:46 INFO  no build target found for D:\CODING\JAVA\consumer-service\src\main\java\com\example\consumer_service\config\KafkaConsumerProperties.java. Using fallback presentation compiler.
2026.03.02 23:43:47 INFO  no build target found for D:\CODING\JAVA\consumer-service\src\main\java\com\example\consumer_service\config\KafkaConsumerProperties.java. Using fallback presentation compiler.
2026.03.02 23:43:47 INFO  no build target found for D:\CODING\JAVA\consumer-service\src\main\java\com\example\consumer_service\config\KafkaConsumerProperties.java. Using fallback presentation compiler.
2026.03.02 23:43:48 INFO  no build target found for D:\CODING\JAVA\consumer-service\src\main\java\com\example\consumer_service\config\KafkaConsumerProperties.java. Using fallback presentation compiler.
2026.03.02 23:43:47 INFO  no build target found for D:\CODING\JAVA\consumer-service\src\main\java\com\example\consumer_service\config\KafkaConsumerProperties.java. Using fallback presentation compiler.
2026.03.02 23:43:49 INFO  no build target found for D:\CODING\JAVA\consumer-service\src\main\java\com\example\consumer_service\config\KafkaConsumerProperties.java. Using fallback presentation compiler.
2026.03.02 23:43:49 INFO  no build target found for D:\CODING\JAVA\consumer-service\src\main\java\com\example\consumer_service\config\KafkaConsumerProperties.java. Using fallback presentation compiler.
2026.03.02 23:43:49 INFO  no build target found for D:\CODING\JAVA\consumer-service\src\main\java\com\example\consumer_service\config\KafkaConsumerProperties.java. Using fallback presentation compiler.
2026.03.02 23:43:49 INFO  no build target found for D:\CODING\JAVA\consumer-service\src\main\java\com\example\consumer_service\config\KafkaConsumerProperties.java. Using fallback presentation compiler.
2026.03.02 23:43:49 INFO  no build target found for D:\CODING\JAVA\consumer-service\src\main\java\com\example\consumer_service\config\KafkaConsumerProperties.java. Using fallback presentation compiler.
2026.03.02 23:43:49 INFO  no build target found for D:\CODING\JAVA\consumer-service\src\main\java\com\example\consumer_service\config\KafkaConsumerProperties.java. Using fallback presentation compiler.
2026.03.02 23:43:50 INFO  no build target found for D:\CODING\JAVA\consumer-service\src\main\java\com\example\consumer_service\config\KafkaConsumerProperties.java. Using fallback presentation compiler.
2026.03.02 23:43:50 INFO  no build target found for D:\CODING\JAVA\consumer-service\src\main\java\com\example\consumer_service\config\KafkaConsumerProperties.java. Using fallback presentation compiler.
2026.03.02 23:43:50 INFO  no build target found for D:\CODING\JAVA\consumer-service\src\main\java\com\example\consumer_service\config\KafkaConsumerProperties.java. Using fallback presentation compiler.
2026.03.02 23:43:50 INFO  no build target found for D:\CODING\JAVA\consumer-service\src\main\java\com\example\consumer_service\config\KafkaConsumerProperties.java. Using fallback presentation compiler.
2026.03.02 23:43:51 WARN  no build target for: D:\CODING\JAVA\consumer-service\src\main\java\com\example\consumer_service\config\KafkaConsumerProperties.java
2026.03.02 23:43:51 INFO  no build target found for D:\CODING\JAVA\consumer-service\src\main\java\com\example\consumer_service\config\KafkaConsumerProperties.java. Using fallback presentation compiler.
2026.03.02 23:44:55 INFO  no build target found for D:\CODING\JAVA\consumer-service\src\main\java\com\example\consumer_service\config\KafkaConsumerProperties.java. Using fallback presentation compiler.
2026.03.02 23:44:57 WARN  no build target for: D:\CODING\JAVA\consumer-service\src\main\java\com\example\consumer_service\config\KafkaConsumerConfig.java
2026.03.02 23:44:57 INFO  no build target found for D:\CODING\JAVA\consumer-service\src\main\java\com\example\consumer_service\config\KafkaConsumerConfig.java. Using fallback presentation compiler.
2026.03.02 23:44:57 INFO  no build target found for D:\CODING\JAVA\consumer-service\src\main\java\com\example\consumer_service\config\KafkaConsumerConfig.java. Using fallback presentation compiler.
2026.03.02 23:44:57 INFO  no build target found for D:\CODING\JAVA\consumer-service\src\main\java\com\example\consumer_service\config\KafkaConsumerConfig.java. Using fallback presentation compiler.
2026.03.02 23:44:58 INFO  no build target found for D:\CODING\JAVA\consumer-service\src\main\java\com\example\consumer_service\config\KafkaConsumerConfig.java. Using fallback presentation compiler.
2026.03.02 23:44:58 INFO  no build target found for D:\CODING\JAVA\consumer-service\src\main\java\com\example\consumer_service\config\KafkaConsumerConfig.java. Using fallback presentation compiler.
2026.03.02 23:44:59 INFO  no build target found for D:\CODING\JAVA\consumer-service\src\main\java\com\example\consumer_service\config\KafkaConsumerConfig.java. Using fallback presentation compiler.
2026.03.02 23:44:59 INFO  no build target found for D:\CODING\JAVA\consumer-service\src\main\java\com\example\consumer_service\config\KafkaConsumerConfig.java. Using fallback presentation compiler.
2026.03.02 23:44:59 INFO  no build target found for D:\CODING\JAVA\consumer-service\src\main\java\com\example\consumer_service\config\KafkaConsumerConfig.java. Using fallback presentation compiler.
2026.03.02 23:44:59 INFO  no build target found for D:\CODING\JAVA\consumer-service\src\main\java\com\example\consumer_service\config\KafkaConsumerConfig.java. Using fallback presentation compiler.
2026.03.02 23:45:00 INFO  no build target found for D:\CODING\JAVA\consumer-service\src\main\java\com\example\consumer_service\config\KafkaConsumerConfig.java. Using fallback presentation compiler.
2026.03.02 23:44:59 INFO  no build target found for D:\CODING\JAVA\consumer-service\src\main\java\com\example\consumer_service\config\KafkaConsumerConfig.java. Using fallback presentation compiler.
2026.03.02 23:44:59 INFO  no build target found for D:\CODING\JAVA\consumer-service\src\main\java\com\example\consumer_service\config\KafkaConsumerConfig.java. Using fallback presentation compiler.
2026.03.02 23:45:00 INFO  no build target found for D:\CODING\JAVA\consumer-service\src\main\java\com\example\consumer_service\config\KafkaConsumerConfig.java. Using fallback presentation compiler.
2026.03.02 23:44:59 INFO  no build target found for D:\CODING\JAVA\consumer-service\src\main\java\com\example\consumer_service\config\KafkaConsumerConfig.java. Using fallback presentation compiler.
2026.03.02 23:44:59 INFO  no build target found for D:\CODING\JAVA\consumer-service\src\main\java\com\example\consumer_service\config\KafkaConsumerConfig.java. Using fallback presentation compiler.
2026.03.02 23:44:59 INFO  no build target found for D:\CODING\JAVA\consumer-service\src\main\java\com\example\consumer_service\config\KafkaConsumerConfig.java. Using fallback presentation compiler.
2026.03.02 23:45:00 INFO  no build target found for D:\CODING\JAVA\consumer-service\src\main\java\com\example\consumer_service\config\KafkaConsumerConfig.java. Using fallback presentation compiler.
2026.03.02 23:45:01 INFO  no build target found for D:\CODING\JAVA\consumer-service\src\main\java\com\example\consumer_service\config\KafkaConsumerConfig.java. Using fallback presentation compiler.
2026.03.02 23:45:01 INFO  no build target found for D:\CODING\JAVA\consumer-service\src\main\java\com\example\consumer_service\config\KafkaConsumerConfig.java. Using fallback presentation compiler.
2026.03.02 23:45:01 INFO  no build target found for D:\CODING\JAVA\consumer-service\src\main\java\com\example\consumer_service\config\KafkaConsumerConfig.java. Using fallback presentation compiler.
2026.03.02 23:45:01 INFO  no build target found for D:\CODING\JAVA\consumer-service\src\main\java\com\example\consumer_service\config\KafkaConsumerConfig.java. Using fallback presentation compiler.
2026.03.02 23:45:01 INFO  no build target found for D:\CODING\JAVA\consumer-service\src\main\java\com\example\consumer_service\config\KafkaConsumerConfig.java. Using fallback presentation compiler.
2026.03.02 23:45:00 INFO  no build target found for D:\CODING\JAVA\consumer-service\src\main\java\com\example\consumer_service\config\KafkaConsumerConfig.java. Using fallback presentation compiler.
2026.03.02 23:45:02 INFO  no build target found for D:\CODING\JAVA\consumer-service\src\main\java\com\example\consumer_service\config\KafkaConsumerConfig.java. Using fallback presentation compiler.
2026.03.02 23:45:02 INFO  no build target found for D:\CODING\JAVA\consumer-service\src\main\java\com\example\consumer_service\config\KafkaConsumerConfig.java. Using fallback presentation compiler.
2026.03.02 23:45:02 INFO  no build target found for D:\CODING\JAVA\consumer-service\src\main\java\com\example\consumer_service\config\KafkaConsumerConfig.java. Using fallback presentation compiler.
2026.03.02 23:45:02 INFO  no build target found for D:\CODING\JAVA\consumer-service\src\main\java\com\example\consumer_service\config\KafkaConsumerConfig.java. Using fallback presentation compiler.
2026.03.02 23:45:02 INFO  no build target found for D:\CODING\JAVA\consumer-service\src\main\java\com\example\consumer_service\config\KafkaConsumerConfig.java. Using fallback presentation compiler.
2026.03.02 23:45:02 INFO  no build target found for D:\CODING\JAVA\consumer-service\src\main\java\com\example\consumer_service\config\KafkaConsumerConfig.java. Using fallback presentation compiler.
2026.03.02 23:45:03 INFO  no build target found for D:\CODING\JAVA\consumer-service\src\main\java\com\example\consumer_service\config\KafkaConsumerConfig.java. Using fallback presentation compiler.
2026.03.02 23:45:03 INFO  no build target found for D:\CODING\JAVA\consumer-service\src\main\java\com\example\consumer_service\config\KafkaConsumerConfig.java. Using fallback presentation compiler.
2026.03.02 23:45:03 INFO  no build target found for D:\CODING\JAVA\consumer-service\src\main\java\com\example\consumer_service\config\KafkaConsumerConfig.java. Using fallback presentation compiler.
2026.03.02 23:45:03 INFO  no build target found for D:\CODING\JAVA\consumer-service\src\main\java\com\example\consumer_service\config\KafkaConsumerConfig.java. Using fallback presentation compiler.
2026.03.02 23:45:03 INFO  no build target found for D:\CODING\JAVA\consumer-service\src\main\java\com\example\consumer_service\config\KafkaConsumerConfig.java. Using fallback presentation compiler.
2026.03.02 23:45:03 INFO  no build target found for D:\CODING\JAVA\consumer-service\src\main\java\com\example\consumer_service\config\KafkaConsumerConfig.java. Using fallback presentation compiler.
2026.03.02 23:45:03 INFO  no build target found for D:\CODING\JAVA\consumer-service\src\main\java\com\example\consumer_service\config\KafkaConsumerConfig.java. Using fallback presentation compiler.
2026.03.02 23:45:03 INFO  no build target found for D:\CODING\JAVA\consumer-service\src\main\java\com\example\consumer_service\config\KafkaConsumerConfig.java. Using fallback presentation compiler.
2026.03.02 23:45:04 INFO  no build target found for D:\CODING\JAVA\consumer-service\src\main\java\com\example\consumer_service\config\KafkaConsumerConfig.java. Using fallback presentation compiler.
2026.03.02 23:45:03 INFO  no build target found for D:\CODING\JAVA\consumer-service\src\main\java\com\example\consumer_service\config\KafkaConsumerConfig.java. Using fallback presentation compiler.
2026.03.02 23:45:04 INFO  no build target found for D:\CODING\JAVA\consumer-service\src\main\java\com\example\consumer_service\config\KafkaConsumerConfig.java. Using fallback presentation compiler.
2026.03.02 23:45:04 INFO  no build target found for D:\CODING\JAVA\consumer-service\src\main\java\com\example\consumer_service\config\KafkaConsumerConfig.java. Using fallback presentation compiler.
2026.03.02 23:45:04 INFO  no build target found for D:\CODING\JAVA\consumer-service\src\main\java\com\example\consumer_service\config\KafkaConsumerConfig.java. Using fallback presentation compiler.
2026.03.02 23:45:04 INFO  no build target found for D:\CODING\JAVA\consumer-service\src\main\java\com\example\consumer_service\config\KafkaConsumerConfig.java. Using fallback presentation compiler.
2026.03.02 23:45:04 INFO  no build target found for D:\CODING\JAVA\consumer-service\src\main\java\com\example\consumer_service\config\KafkaConsumerConfig.java. Using fallback presentation compiler.
2026.03.02 23:45:05 INFO  no build target found for D:\CODING\JAVA\consumer-service\src\main\java\com\example\consumer_service\config\KafkaConsumerConfig.java. Using fallback presentation compiler.
2026.03.02 23:45:05 INFO  no build target found for D:\CODING\JAVA\consumer-service\src\main\java\com\example\consumer_service\config\KafkaConsumerConfig.java. Using fallback presentation compiler.
2026.03.02 23:45:05 INFO  no build target found for D:\CODING\JAVA\consumer-service\src\main\java\com\example\consumer_service\config\KafkaConsumerConfig.java. Using fallback presentation compiler.
2026.03.02 23:45:05 INFO  no build target found for D:\CODING\JAVA\consumer-service\src\main\java\com\example\consumer_service\config\KafkaConsumerConfig.java. Using fallback presentation compiler.
2026.03.02 23:45:05 INFO  no build target found for D:\CODING\JAVA\consumer-service\src\main\java\com\example\consumer_service\config\KafkaConsumerConfig.java. Using fallback presentation compiler.
2026.03.02 23:45:05 INFO  no build target found for D:\CODING\JAVA\consumer-service\src\main\java\com\example\consumer_service\config\KafkaConsumerConfig.java. Using fallback presentation compiler.
2026.03.02 23:45:06 INFO  no build target found for D:\CODING\JAVA\consumer-service\src\main\java\com\example\consumer_service\config\KafkaConsumerConfig.java. Using fallback presentation compiler.
2026.03.02 23:45:06 INFO  no build target found for D:\CODING\JAVA\consumer-service\src\main\java\com\example\consumer_service\config\KafkaConsumerConfig.java. Using fallback presentation compiler.
2026.03.02 23:45:07 INFO  no build target found for D:\CODING\JAVA\consumer-service\src\main\java\com\example\consumer_service\config\KafkaConsumerConfig.java. Using fallback presentation compiler.
2026.03.02 23:45:06 INFO  no build target found for D:\CODING\JAVA\consumer-service\src\main\java\com\example\consumer_service\config\KafkaConsumerConfig.java. Using fallback presentation compiler.
2026.03.02 23:45:08 INFO  no build target found for D:\CODING\JAVA\consumer-service\src\main\java\com\example\consumer_service\config\KafkaConsumerConfig.java. Using fallback presentation compiler.
2026.03.02 23:45:08 INFO  no build target found for D:\CODING\JAVA\consumer-service\src\main\java\com\example\consumer_service\config\KafkaConsumerConfig.java. Using fallback presentation compiler.
2026.03.02 23:45:08 INFO  no build target found for D:\CODING\JAVA\consumer-service\src\main\java\com\example\consumer_service\config\KafkaConsumerConfig.java. Using fallback presentation compiler.
2026.03.02 23:45:08 INFO  no build target found for D:\CODING\JAVA\consumer-service\src\main\java\com\example\consumer_service\config\KafkaConsumerConfig.java. Using fallback presentation compiler.
2026.03.02 23:45:10 INFO  no build target found for D:\CODING\JAVA\consumer-service\src\main\java\com\example\consumer_service\config\KafkaConsumerConfig.java. Using fallback presentation compiler.
2026.03.02 23:45:10 INFO  no build target found for D:\CODING\JAVA\consumer-service\src\main\java\com\example\consumer_service\config\KafkaConsumerConfig.java. Using fallback presentation compiler.
2026.03.02 23:45:10 INFO  no build target found for D:\CODING\JAVA\consumer-service\src\main\java\com\example\consumer_service\config\KafkaConsumerConfig.java. Using fallback presentation compiler.
2026.03.02 23:45:10 INFO  no build target found for D:\CODING\JAVA\consumer-service\src\main\java\com\example\consumer_service\config\KafkaConsumerConfig.java. Using fallback presentation compiler.
2026.03.02 23:45:10 INFO  no build target found for D:\CODING\JAVA\consumer-service\src\main\java\com\example\consumer_service\config\KafkaConsumerConfig.java. Using fallback presentation compiler.
2026.03.02 23:45:10 INFO  no build target found for D:\CODING\JAVA\consumer-service\src\main\java\com\example\consumer_service\config\KafkaConsumerConfig.java. Using fallback presentation compiler.
2026.03.02 23:45:10 INFO  no build target found for D:\CODING\JAVA\consumer-service\src\main\java\com\example\consumer_service\config\KafkaConsumerConfig.java. Using fallback presentation compiler.
2026.03.02 23:45:10 INFO  no build target found for D:\CODING\JAVA\consumer-service\src\main\java\com\example\consumer_service\config\KafkaConsumerConfig.java. Using fallback presentation compiler.
2026.03.02 23:45:10 INFO  no build target found for D:\CODING\JAVA\consumer-service\src\main\java\com\example\consumer_service\config\KafkaConsumerConfig.java. Using fallback presentation compiler.
2026.03.02 23:45:10 INFO  no build target found for D:\CODING\JAVA\consumer-service\src\main\java\com\example\consumer_service\config\KafkaConsumerConfig.java. Using fallback presentation compiler.
2026.03.02 23:45:11 INFO  no build target found for D:\CODING\JAVA\consumer-service\src\main\java\com\example\consumer_service\config\KafkaConsumerConfig.java. Using fallback presentation compiler.
2026.03.02 23:45:11 INFO  no build target found for D:\CODING\JAVA\consumer-service\src\main\java\com\example\consumer_service\config\KafkaConsumerConfig.java. Using fallback presentation compiler.
2026.03.02 23:45:11 INFO  no build target found for D:\CODING\JAVA\consumer-service\src\main\java\com\example\consumer_service\config\KafkaConsumerConfig.java. Using fallback presentation compiler.
2026.03.02 23:45:11 INFO  no build target found for D:\CODING\JAVA\consumer-service\src\main\java\com\example\consumer_service\config\KafkaConsumerConfig.java. Using fallback presentation compiler.
2026.03.02 23:45:11 INFO  no build target found for D:\CODING\JAVA\consumer-service\src\main\java\com\example\consumer_service\config\KafkaConsumerConfig.java. Using fallback presentation compiler.
2026.03.02 23:45:11 INFO  no build target found for D:\CODING\JAVA\consumer-service\src\main\java\com\example\consumer_service\config\KafkaConsumerConfig.java. Using fallback presentation compiler.
2026.03.02 23:45:11 INFO  no build target found for D:\CODING\JAVA\consumer-service\src\main\java\com\example\consumer_service\config\KafkaConsumerConfig.java. Using fallback presentation compiler.
2026.03.02 23:45:11 INFO  no build target found for D:\CODING\JAVA\consumer-service\src\main\java\com\example\consumer_service\config\KafkaConsumerConfig.java. Using fallback presentation compiler.
2026.03.02 23:45:12 INFO  no build target found for D:\CODING\JAVA\consumer-service\src\main\java\com\example\consumer_service\config\KafkaConsumerConfig.java. Using fallback presentation compiler.
2026.03.02 23:45:12 INFO  no build target found for D:\CODING\JAVA\consumer-service\src\main\java\com\example\consumer_service\config\KafkaConsumerConfig.java. Using fallback presentation compiler.
2026.03.02 23:45:12 INFO  no build target found for D:\CODING\JAVA\consumer-service\src\main\java\com\example\consumer_service\config\KafkaConsumerConfig.java. Using fallback presentation compiler.
2026.03.02 23:45:12 INFO  no build target found for D:\CODING\JAVA\consumer-service\src\main\java\com\example\consumer_service\config\KafkaConsumerConfig.java. Using fallback presentation compiler.
2026.03.02 23:45:12 INFO  no build target found for D:\CODING\JAVA\consumer-service\src\main\java\com\example\consumer_service\config\KafkaConsumerConfig.java. Using fallback presentation compiler.
2026.03.02 23:45:12 INFO  no build target found for D:\CODING\JAVA\consumer-service\src\main\java\com\example\consumer_service\config\KafkaConsumerConfig.java. Using fallback presentation compiler.
2026.03.02 23:45:12 INFO  no build target found for D:\CODING\JAVA\consumer-service\src\main\java\com\example\consumer_service\config\KafkaConsumerConfig.java. Using fallback presentation compiler.
2026.03.02 23:45:12 INFO  no build target found for D:\CODING\JAVA\consumer-service\src\main\java\com\example\consumer_service\config\KafkaConsumerConfig.java. Using fallback presentation compiler.
2026.03.02 23:45:12 INFO  no build target found for D:\CODING\JAVA\consumer-service\src\main\java\com\example\consumer_service\config\KafkaConsumerConfig.java. Using fallback presentation compiler.
2026.03.02 23:45:13 INFO  no build target found for D:\CODING\JAVA\consumer-service\src\main\java\com\example\consumer_service\config\KafkaConsumerConfig.java. Using fallback presentation compiler.
2026.03.02 23:45:12 WARN  no build target for: D:\CODING\JAVA\consumer-service\src\main\java\com\example\consumer_service\config\KafkaConsumerConfig.java
2026.03.02 23:45:13 INFO  no build target found for D:\CODING\JAVA\consumer-service\src\main\java\com\example\consumer_service\config\KafkaConsumerConfig.java. Using fallback presentation compiler.
2026.03.02 23:45:13 WARN  Running javac-semanticdb failed for file:///D:/CODING/JAVA/consumer-service/src/main/java/com/example/consumer_service/config/KafkaConsumerConfig.java. Output:

2026.03.02 23:45:13 INFO  no build target found for D:\CODING\JAVA\consumer-service\src\main\java\com\example\consumer_service\config\KafkaConsumerConfig.java. Using fallback presentation compiler.
2026.03.02 23:45:13 INFO  no build target found for D:\CODING\JAVA\consumer-service\src\main\java\com\example\consumer_service\config\KafkaConsumerConfig.java. Using fallback presentation compiler.
2026.03.02 23:45:21 INFO  no build target found for D:\CODING\JAVA\consumer-service\src\main\java\com\example\consumer_service\config\KafkaConsumerConfig.java. Using fallback presentation compiler.
2026.03.02 23:45:21 INFO  no build target found for D:\CODING\JAVA\consumer-service\src\main\java\com\example\consumer_service\config\KafkaConsumerConfig.java. Using fallback presentation compiler.
2026.03.02 23:45:21 INFO  no build target found for D:\CODING\JAVA\consumer-service\src\main\java\com\example\consumer_service\config\KafkaConsumerConfig.java. Using fallback presentation compiler.
2026.03.02 23:45:21 INFO  no build target found for D:\CODING\JAVA\consumer-service\src\main\java\com\example\consumer_service\config\KafkaConsumerConfig.java. Using fallback presentation compiler.
2026.03.02 23:45:21 INFO  no build target found for D:\CODING\JAVA\consumer-service\src\main\java\com\example\consumer_service\config\KafkaConsumerConfig.java. Using fallback presentation compiler.
2026.03.02 23:45:21 INFO  no build target found for D:\CODING\JAVA\consumer-service\src\main\java\com\example\consumer_service\config\KafkaConsumerConfig.java. Using fallback presentation compiler.
2026.03.02 23:45:22 INFO  no build target found for D:\CODING\JAVA\consumer-service\src\main\java\com\example\consumer_service\config\KafkaConsumerConfig.java. Using fallback presentation compiler.
2026.03.02 23:45:22 INFO  no build target found for D:\CODING\JAVA\consumer-service\src\main\java\com\example\consumer_service\config\KafkaConsumerConfig.java. Using fallback presentation compiler.
2026.03.02 23:45:22 INFO  no build target found for D:\CODING\JAVA\consumer-service\src\main\java\com\example\consumer_service\config\KafkaConsumerConfig.java. Using fallback presentation compiler.
2026.03.02 23:45:22 INFO  no build target found for D:\CODING\JAVA\consumer-service\src\main\java\com\example\consumer_service\config\KafkaConsumerConfig.java. Using fallback presentation compiler.
2026.03.02 23:45:22 INFO  no build target found for D:\CODING\JAVA\consumer-service\src\main\java\com\example\consumer_service\config\KafkaConsumerConfig.java. Using fallback presentation compiler.
2026.03.02 23:45:22 INFO  no build target found for D:\CODING\JAVA\consumer-service\src\main\java\com\example\consumer_service\config\KafkaConsumerConfig.java. Using fallback presentation compiler.
2026.03.02 23:45:23 INFO  no build target found for D:\CODING\JAVA\consumer-service\src\main\java\com\example\consumer_service\config\KafkaConsumerConfig.java. Using fallback presentation compiler.
2026.03.02 23:45:23 INFO  no build target found for D:\CODING\JAVA\consumer-service\src\main\java\com\example\consumer_service\config\KafkaConsumerConfig.java. Using fallback presentation compiler.
2026.03.02 23:45:23 INFO  no build target found for D:\CODING\JAVA\consumer-service\src\main\java\com\example\consumer_service\config\KafkaConsumerConfig.java. Using fallback presentation compiler.
2026.03.02 23:45:23 INFO  no build target found for D:\CODING\JAVA\consumer-service\src\main\java\com\example\consumer_service\config\KafkaConsumerConfig.java. Using fallback presentation compiler.
2026.03.02 23:45:23 INFO  no build target found for D:\CODING\JAVA\consumer-service\src\main\java\com\example\consumer_service\config\KafkaConsumerConfig.java. Using fallback presentation compiler.
2026.03.02 23:45:24 INFO  no build target found for D:\CODING\JAVA\consumer-service\src\main\java\com\example\consumer_service\config\KafkaConsumerConfig.java. Using fallback presentation compiler.
2026.03.02 23:45:24 INFO  no build target found for D:\CODING\JAVA\consumer-service\src\main\java\com\example\consumer_service\config\KafkaConsumerConfig.java. Using fallback presentation compiler.
2026.03.02 23:45:24 INFO  no build target found for D:\CODING\JAVA\consumer-service\src\main\java\com\example\consumer_service\config\KafkaConsumerConfig.java. Using fallback presentation compiler.
2026.03.02 23:45:24 INFO  no build target found for D:\CODING\JAVA\consumer-service\src\main\java\com\example\consumer_service\config\KafkaConsumerConfig.java. Using fallback presentation compiler.
2026.03.02 23:45:25 INFO  no build target found for D:\CODING\JAVA\consumer-service\src\main\java\com\example\consumer_service\config\KafkaConsumerConfig.java. Using fallback presentation compiler.
2026.03.02 23:45:26 INFO  no build target found for D:\CODING\JAVA\consumer-service\src\main\java\com\example\consumer_service\config\KafkaConsumerConfig.java. Using fallback presentation compiler.
2026.03.02 23:45:26 INFO  no build target found for D:\CODING\JAVA\consumer-service\src\main\java\com\example\consumer_service\config\KafkaConsumerConfig.java. Using fallback presentation compiler.
2026.03.02 23:45:27 INFO  no build target found for D:\CODING\JAVA\consumer-service\src\main\java\com\example\consumer_service\config\KafkaConsumerConfig.java. Using fallback presentation compiler.
2026.03.02 23:45:26 INFO  no build target found for D:\CODING\JAVA\consumer-service\src\main\java\com\example\consumer_service\config\KafkaConsumerConfig.java. Using fallback presentation compiler.
2026.03.02 23:45:28 INFO  no build target found for D:\CODING\JAVA\consumer-service\src\main\java\com\example\consumer_service\config\KafkaConsumerConfig.java. Using fallback presentation compiler.
2026.03.02 23:45:28 INFO  no build target found for D:\CODING\JAVA\consumer-service\src\main\java\com\example\consumer_service\config\KafkaConsumerConfig.java. Using fallback presentation compiler.
2026.03.02 23:45:30 INFO  no build target found for D:\CODING\JAVA\consumer-service\src\main\java\com\example\consumer_service\config\KafkaConsumerConfig.java. Using fallback presentation compiler.
2026.03.02 23:45:30 INFO  no build target found for D:\CODING\JAVA\consumer-service\src\main\java\com\example\consumer_service\config\KafkaConsumerConfig.java. Using fallback presentation compiler.
2026.03.02 23:45:30 INFO  no build target found for D:\CODING\JAVA\consumer-service\src\main\java\com\example\consumer_service\config\KafkaConsumerConfig.java. Using fallback presentation compiler.
2026.03.02 23:45:30 INFO  no build target found for D:\CODING\JAVA\consumer-service\src\main\java\com\example\consumer_service\config\KafkaConsumerConfig.java. Using fallback presentation compiler.
2026.03.02 23:45:30 INFO  no build target found for D:\CODING\JAVA\consumer-service\src\main\java\com\example\consumer_service\config\KafkaConsumerConfig.java. Using fallback presentation compiler.
2026.03.02 23:45:31 WARN  no build target for: D:\CODING\JAVA\consumer-service\src\main\java\com\example\consumer_service\config\KafkaConsumerConfig.java
2026.03.02 23:45:31 INFO  no build target found for D:\CODING\JAVA\consumer-service\src\main\java\com\example\consumer_service\config\KafkaConsumerConfig.java. Using fallback presentation compiler.
2026.03.02 23:45:31 INFO  no build target found for D:\CODING\JAVA\consumer-service\src\main\java\com\example\consumer_service\config\KafkaConsumerConfig.java. Using fallback presentation compiler.
2026.03.02 23:45:31 INFO  no build target found for D:\CODING\JAVA\consumer-service\src\main\java\com\example\consumer_service\config\KafkaConsumerConfig.java. Using fallback presentation compiler.
Mar 02, 2026 11:46:35 PM org.eclipse.lsp4j.jsonrpc.services.GenericEndpoint notify
INFO: Unsupported notification method: $/setTrace
